field1,Turns,,
3,12,,
9,15,,14.81211389
10,9,,4.77451466
11,11,,14
13,13,,
15,20,,
16,13,,
17,12,,
18,13,,
20,11,,
21,21,,
22,29,,
23,13,,
24,9,,
25,14,,
27,13,,
28,9,,
29,12,,
30,10,,
31,18,,
32,14,,
33,17,,
34,32,,
36,17,,
37,10,,
38,20,,
40,13,,
43,11,,
44,9,,
45,19,,
46,9,,
48,11,,
49,19,,
50,19,,
52,13,,
53,10,,
54,12,,
55,12,,
57,9,,
59,9,,
60,20,,
61,10,,
62,13,,
63,9,,
66,10,,
70,12,,
71,20,,
74,25,,
75,12,,
76,16,,
77,17,,
78,9,,
81,13,,
82,20,,
84,16,,
87,10,,
88,16,,
89,11,,
90,12,,
91,8,,
92,16,,
93,19,,
94,11,,
95,13,,
97,14,,
98,10,,
99,12,,
100,9,,
101,12,,
102,9,,
103,13,,
104,15,,
108,16,,
109,16,,
110,12,,
111,9,,
112,18,,
113,13,,
114,9,,
115,15,,
116,9,,
117,23,,
118,13,,
120,13,,
121,13,,
122,20,,
123,13,,
125,17,,
126,19,,
127,9,,
128,17,,
131,12,,
133,13,,
134,12,,
135,9,,
136,17,,
138,14,,
140,9,,
141,11,,
142,15,,
144,16,,
145,12,,
146,10,,
147,21,,
148,29,,
149,13,,
150,10,,
151,17,,
152,10,,
153,13,,
154,9,,
155,11,,
156,23,,
157,13,,
158,9,,
159,11,,
160,7,,
161,18,,
162,19,,
163,12,,
164,11,,
165,11,,
166,10,,
168,10,,
169,11,,
170,15,,
171,12,,
172,12,,
173,14,,
174,7,,
175,23,,
176,15,,
177,13,,
178,8,,
179,8,,
180,11,,
181,15,,
182,9,,
183,10,,
184,25,,
185,22,,
186,17,,
187,13,,
188,15,,
189,18,,
190,9,,
191,12,,
192,22,,
193,9,,
194,12,,
195,9,,
196,17,,
197,11,,
198,14,,
200,10,,
201,11,,
202,7,,
203,15,,
205,15,,
206,9,,
207,7,,
208,13,,
209,24,,
210,9,,
211,13,,
212,25,,
213,10,,
214,20,,
215,17,,
216,20,,
217,10,,
218,16,,
219,23,,
221,9,,
223,24,,
224,10,,
225,13,,
226,15,,
227,11,,
228,18,,
232,12,,
233,19,,
235,16,,
237,13,,
238,10,,
240,9,,
241,10,,
242,9,,
243,11,,
244,9,,
247,9,,
248,17,,
249,18,,
250,13,,
251,15,,
254,11,,
255,12,,
257,11,,
258,11,,
259,26,,
260,10,,
263,15,,
266,24,,
267,13,,
268,13,,
269,12,,
270,15,,
271,14,,
274,15,,
275,9,,
277,11,,
278,9,,
279,9,,
280,10,,
281,13,,
282,17,,
283,11,,
285,10,,
286,13,,
287,9,,
289,15,,
290,9,,
291,11,,
292,13,,
293,12,,
296,12,,
300,12,,
301,10,,
302,21,,
304,15,,
305,10,,
306,19,,
307,19,,
308,12,,
309,10,,
310,15,,
311,15,,
312,16,,
313,10,,
315,12,,
318,19,,
319,12,,
320,16,,
321,15,,
322,29,,
324,9,,
326,23,,
330,22,,
331,10,,
335,8,,
336,10,,
337,16,,
338,10,,
339,17,,
340,11,,
342,11,,
343,12,,
344,12,,
345,16,,
346,15,,
347,14,,
348,11,,
349,17,,
350,11,,
352,18,,
356,10,,
358,18,,
359,13,,
361,11,,
362,19,,
363,20,,
366,14,,
367,9,,
368,11,,
371,16,,
372,9,,
374,19,,
376,25,,
377,18,,
378,13,,
379,12,,
380,17,,
381,19,,
382,13,,
383,11,,
384,11,,
385,12,,
386,15,,
390,16,,
391,20,,
393,19,,
394,8,,
395,12,,
396,10,,
399,15,,
403,14,,
404,7,,
406,17,,
407,15,,
408,21,,
409,10,,
411,12,,
412,7,,
413,28,,
415,7,,
416,10,,
417,19,,
418,11,,
419,13,,
420,11,,
421,15,,
422,30,,
423,31,,
424,11,,
425,23,,
426,13,,
427,22,,
428,11,,
429,11,,
432,10,,
433,13,,
435,9,,
436,13,,
439,9,,
440,11,,
441,13,,
442,12,,
443,9,,
448,12,,
449,9,,
450,17,,
451,14,,
452,13,,
453,16,,
454,15,,
455,9,,
456,13,,
458,10,,
460,10,,
464,11,,
466,11,,
467,11,,
468,9,,
469,10,,
470,10,,
471,14,,
472,30,,
473,11,,
474,13,,
475,10,,
476,15,,
477,23,,
478,11,,
479,29,,
485,20,,
486,11,,
487,13,,
488,10,,
489,15,,
490,22,,
491,13,,
494,27,,
496,11,,
498,15,,
499,9,,
500,20,,
501,11,,
502,14,,
504,22,,
506,19,,
507,18,,
508,18,,
511,13,,
512,9,,
513,15,,
515,18,,
516,20,,
518,22,,
519,23,,
521,15,,
522,16,,
525,22,,
526,13,,
527,22,,
528,10,,
529,9,,
530,19,,
531,18,,
534,9,,
535,22,,
536,11,,
537,20,,
540,8,,
542,25,,
543,12,,
545,14,,
546,15,,
547,10,,
548,10,,
549,19,,
550,14,,
551,7,,
552,9,,
553,10,,
554,9,,
555,21,,
557,15,,
558,17,,
559,15,,
560,31,,
561,12,,
562,11,,
563,12,,
564,16,,
565,20,,
568,19,,
569,13,,
570,9,,
572,17,,
573,10,,
574,24,,
575,20,,
576,19,,
577,13,,
578,17,,
579,16,,
580,15,,
581,22,,
582,14,,
583,10,,
584,14,,
585,16,,
587,23,,
588,13,,
589,7,,
590,22,,
591,16,,
593,21,,
595,18,,
596,16,,
597,17,,
598,17,,
599,12,,
600,10,,
601,17,,
603,19,,
604,24,,
605,9,,
606,10,,
607,20,,
608,12,,
609,14,,
610,13,,
611,23,,
612,10,,
613,15,,
614,24,,
615,18,,
616,9,,
617,24,,
618,15,,
619,13,,
620,14,,
621,12,,
622,13,,
624,9,,
625,20,,
629,22,,
630,12,,
631,10,,
632,16,,
633,7,,
634,13,,
635,10,,
636,12,,
637,11,,
639,7,,
640,11,,
641,7,,
642,15,,
643,24,,
644,13,,
645,11,,
646,14,,
647,16,,
648,27,,
649,9,,
650,11,,
651,15,,
652,22,,
653,9,,
654,15,,
655,17,,
656,12,,
662,13,,
665,12,,
666,7,,
667,7,,
668,20,,
670,13,,
672,26,,
673,7,,
674,21,,
675,27,,
676,11,,
678,7,,
679,15,,
680,17,,
681,16,,
682,13,,
685,12,,
686,28,,
687,11,,
689,14,,
690,8,,
691,13,,
692,11,,
693,10,,
694,10,,
695,18,,
696,9,,
697,13,,
698,23,,
699,25,,
700,7,,
702,11,,
703,12,,
704,9,,
705,16,,
706,18,,
707,16,,
708,9,,
709,11,,
710,8,,
711,12,,
713,17,,
715,14,,
716,20,,
717,9,,
718,13,,
721,14,,
722,10,,
724,8,,
725,13,,
726,13,,
727,15,,
728,16,,
729,16,,
730,12,,
731,17,,
732,18,,
733,7,,
734,11,,
735,9,,
736,21,,
737,25,,
738,18,,
739,26,,
740,15,,
742,24,,
743,31,,
745,16,,
746,15,,
750,15,,
752,9,,
753,23,,
754,13,,
755,14,,
756,20,,
757,9,,
758,10,,
759,21,,
760,31,,
761,15,,
763,17,,
764,12,,
765,15,,
766,14,,
767,14,,
768,15,,
769,16,,
770,13,,
772,11,,
773,13,,
774,14,,
775,17,,
776,13,,
780,14,,
782,18,,
783,12,,
784,24,,
785,9,,
787,17,,
788,16,,
789,12,,
791,15,,
792,17,,
793,17,,
794,9,,
795,7,,
796,17,,
799,11,,
801,26,,
802,18,,
803,13,,
804,13,,
805,24,,
806,14,,
807,14,,
808,9,,
809,25,,
810,13,,
811,21,,
812,19,,
813,14,,
814,9,,
815,14,,
816,17,,
817,12,,
818,13,,
819,7,,
820,10,,
821,9,,
822,16,,
823,17,,
824,20,,
825,14,,
826,9,,
828,8,,
829,13,,
830,23,,
831,21,,
832,11,,
833,15,,
834,19,,
835,17,,
836,20,,
837,13,,
838,15,,
839,9,,
840,13,,
841,12,,
842,13,,
844,33,,
848,13,,
849,16,,
850,23,,
851,36,,
853,17,,
854,7,,
855,7,,
856,14,,
857,17,,
858,24,,
862,9,,
863,16,,
864,21,,
865,12,,
866,23,,
867,14,,
868,27,,
869,12,,
870,11,,
871,20,,
872,16,,
873,16,,
874,17,,
875,19,,
876,11,,
879,17,,
880,21,,
881,18,,
882,32,,
883,12,,
884,13,,
885,15,,
886,10,,
887,17,,
888,20,,
889,13,,
890,16,,
894,14,,
895,15,,
896,15,,
897,9,,
898,13,,
899,29,,
901,13,,
902,17,,
903,10,,
904,19,,
906,13,,
907,19,,
908,18,,
910,13,,
911,10,,
912,11,,
913,19,,
914,7,,
915,13,,
916,32,,
917,23,,
919,25,,
921,18,,
924,12,,
925,27,,
926,7,,
927,14,,
928,18,,
929,15,,
930,21,,
931,13,,
932,7,,
933,15,,
934,16,,
935,27,,
937,19,,
938,18,,
939,20,,
940,20,,
942,18,,
944,15,,
945,12,,
946,29,,
947,20,,
948,28,,
949,20,,
950,11,,
951,9,,
952,23,,
953,12,,
954,18,,
956,15,,
957,10,,
958,12,,
959,13,,
962,29,,
963,11,,
965,17,,
966,16,,
967,11,,
968,11,,
969,34,,
970,30,,
971,11,,
972,23,,
973,27,,
974,18,,
975,28,,
976,32,,
977,16,,
978,18,,
979,26,,
980,14,,
982,22,,
983,24,,
984,11,,
986,21,,
987,15,,
989,22,,
990,16,,
992,8,,
996,18,,
997,15,,
998,17,,
999,16,,
1003,36,,
1005,13,,
1007,20,,
1009,22,,
1010,20,,
1011,9,,
1012,21,,
1013,20,,
1014,19,,
1015,11,,
1016,18,,
1017,23,,
1018,18,,
1020,10,,
1021,16,,
1022,11,,
1024,13,,
1026,11,,
1027,22,,
1028,18,,
1029,17,,
1030,16,,
1031,14,,
1032,17,,
1033,8,,
1034,21,,
1035,12,,
1036,15,,
1037,16,,
1038,13,,
1039,12,,
1042,15,,
1043,18,,
1044,17,,
1045,7,,
1046,16,,
1047,11,,
1048,17,,
1049,10,,
1050,18,,
1051,18,,
1053,24,,
1054,12,,
1055,13,,
1056,15,,
1057,13,,
1058,15,,
1059,13,,
1060,13,,
1061,17,,
1062,11,,
1063,18,,
1064,21,,
1065,20,,
1066,20,,
1067,17,,
1069,17,,
1070,9,,
1071,11,,
1072,19,,
1073,11,,
1074,20,,
1075,22,,
1076,21,,
1077,17,,
1078,8,,
1079,20,,
1080,9,,
1081,13,,
1082,8,,
1083,11,,
1084,15,,
1085,19,,
1086,20,,
1087,19,,
1088,9,,
1089,23,,
1090,27,,
1091,16,,
1092,20,,
1093,23,,
1094,24,,
1095,20,,
1096,12,,
1097,23,,
1098,22,,
1099,19,,
1102,17,,
1103,15,,
1104,11,,
1105,9,,
1106,15,,
1107,12,,
1108,9,,
1109,13,,
1110,9,,
1111,19,,
1112,22,,
1116,12,,
1117,21,,
1118,15,,
1119,12,,
1120,24,,
1121,21,,
1122,18,,
1123,14,,
1124,16,,
1125,8,,
1126,14,,
1127,22,,
1130,21,,
1131,19,,
1132,24,,
1133,15,,
1134,20,,
1135,21,,
1136,11,,
1137,27,,
1138,15,,
1139,12,,
1144,13,,
1145,20,,
1146,15,,
1147,14,,
1148,21,,
1149,20,,
1150,11,,
1151,14,,
1152,21,,
1153,28,,
1154,15,,
1155,18,,
1156,22,,
1158,23,,
1159,20,,
1160,14,,
1161,25,,
1162,13,,
1163,12,,
1165,12,,
1166,23,,
1167,24,,
1168,20,,
1169,17,,
1171,12,,
1172,29,,
1173,14,,
1174,20,,
1175,14,,
1178,22,,
1179,18,,
1180,18,,
1181,16,,
1182,21,,
1183,12,,
1184,24,,
1185,20,,
1187,10,,
1189,17,,
1190,27,,
1191,27,,
1192,27,,
1193,13,,
1195,10,,
1197,17,,
1200,10,,
1201,16,,
1202,14,,
1203,21,,
1204,13,,
1205,13,,
1206,9,,
1209,13,,
1210,22,,
1211,18,,
1212,13,,
1214,14,,
1215,9,,
1217,10,,
1218,14,,
1220,15,,
1221,10,,
1222,14,,
1224,11,,
1225,17,,
1227,8,,
1228,16,,
1229,14,,
1232,17,,
1233,16,,
1234,12,,
1235,16,,
1236,11,,
1239,11,,
1240,27,,
1241,23,,
1242,16,,
1243,14,,
1244,15,,
1245,25,,
1246,12,,
1247,11,,
1248,13,,
1249,17,,
1250,20,,
1251,12,,
1252,22,,
1253,21,,
1254,18,,
1255,9,,
1256,15,,
1257,22,,
1258,12,,
1259,27,,
1260,22,,
1261,12,,
1262,14,,
1263,14,,
1264,20,,
1266,31,,
1269,13,,
1270,19,,
1272,16,,
1273,16,,
1274,14,,
1275,14,,
1276,16,,
1277,27,,
1281,25,,
1282,20,,
1283,12,,
1284,22,,
1285,14,,
1286,15,,
1287,8,,
1288,17,,
1289,23,,
1290,16,,
1292,16,,
1293,18,,
1294,16,,
1295,11,,
1296,15,,
1297,38,,
1298,18,,
1299,19,,
1300,23,,
1301,18,,
1302,21,,
1303,14,,
1304,18,,
1305,28,,
1307,9,,
1308,17,,
1309,17,,
1310,16,,
1311,14,,
1313,14,,
1314,19,,
1315,23,,
1316,13,,
1320,16,,
1321,11,,
1322,26,,
1323,9,,
1325,10,,
1326,11,,
1327,12,,
1328,20,,
1330,19,,
1331,20,,
1332,10,,
1333,26,,
1334,10,,
1336,17,,
1337,16,,
1338,14,,
1340,11,,
1341,15,,
1342,17,,
1343,17,,
1344,14,,
1345,15,,
1346,18,,
1347,11,,
1349,15,,
1350,22,,
1351,10,,
1352,10,,
1353,21,,
1354,19,,
1357,16,,
1358,10,,
1359,20,,
1360,11,,
1361,14,,
1362,13,,
1363,17,,
1364,14,,
1366,23,,
1368,14,,
1370,16,,
1371,15,,
1372,17,,
1373,8,,
1374,14,,
1375,11,,
1376,11,,
1377,15,,
1378,13,,
1379,18,,
1380,8,,
1382,16,,
1383,14,,
1384,16,,
1385,22,,
1386,21,,
1387,13,,
1388,13,,
1389,13,,
1391,11,,
1392,21,,
1393,10,,
1394,20,,
1395,17,,
1396,15,,
1397,13,,
1399,24,,
1401,29,,
1402,11,,
1403,18,,
1405,16,,
1407,14,,
1409,15,,
1410,21,,
1411,12,,
1413,10,,
1415,12,,
1416,14,,
1417,14,,
1418,12,,
1420,12,,
1421,12,,
1423,17,,
1428,13,,
1429,12,,
1430,18,,
1431,17,,
1433,17,,
1434,12,,
1435,21,,
1436,14,,
1437,14,,
1438,15,,
1439,12,,
1440,14,,
1442,18,,
1443,24,,
1444,16,,
1445,19,,
1446,33,,
1447,11,,
1449,21,,
1451,17,,
1452,13,,
1455,18,,
1457,24,,
1458,22,,
1462,11,,
1463,20,,
1464,14,,
1465,16,,
1466,13,,
1467,16,,
1468,12,,
1469,9,,
1470,13,,
1471,20,,
1472,16,,
1473,16,,
1474,12,,
1475,16,,
1476,14,,
1477,12,,
1478,16,,
1479,16,,
1481,12,,
1485,11,,
1486,14,,
1487,15,,
1488,10,,
1489,12,,
1490,12,,
1492,16,,
1493,13,,
1495,14,,
1496,16,,
1497,12,,
1498,12,,
1500,15,,
1502,15,,
1504,23,,
1505,12,,
1506,11,,
1507,13,,
1508,16,,
1509,19,,
1510,18,,
1512,14,,
1513,14,,
1514,14,,
1515,15,,
1516,14,,
1517,24,,
1518,16,,
1519,16,,
1520,10,,
1521,10,,
1522,16,,
1523,16,,
1524,11,,
1525,12,,
1526,10,,
1527,20,,
1528,12,,
1529,23,,
1532,14,,
1533,19,,
1534,16,,
1535,11,,
1537,18,,
1538,21,,
1539,21,,
1541,13,,
1542,12,,
1543,13,,
1544,16,,
1545,17,,
1546,19,,
1547,12,,
1549,17,,
1550,12,,
1551,11,,
1552,15,,
1553,12,,
1554,8,,
1555,8,,
1556,23,,
1558,25,,
1560,17,,
1565,16,,
1566,12,,
1568,21,,
1571,13,,
1572,18,,
1575,16,,
1576,15,,
1577,14,,
1578,18,,
1579,12,,
1580,8,,
1581,9,,
1582,12,,
1583,11,,
1584,19,,
1585,13,,
1587,15,,
1588,15,,
1589,23,,
1590,17,,
1591,23,,
1592,10,,
1593,22,,
1594,14,,
1595,14,,
1597,8,,
1601,13,,
1602,13,,
1603,17,,
1604,14,,
1605,12,,
1606,10,,
1607,23,,
1609,16,,
1610,10,,
1611,20,,
1612,13,,
1613,24,,
1614,12,,
1615,21,,
1616,13,,
1617,10,,
1618,9,,
1619,13,,
1620,18,,
1621,12,,
1622,28,,
1623,14,,
1624,14,,
1625,12,,
1626,24,,
1627,16,,
1628,10,,
1629,14,,
1630,21,,
1632,12,,
1633,15,,
1634,15,,
1637,27,,
1638,12,,
1639,15,,
1640,11,,
1642,16,,
1643,12,,
1644,12,,
1649,16,,
1651,28,,
1656,14,,
1658,18,,
1659,25,,
1660,11,,
1661,11,,
1662,20,,
1665,15,,
1666,21,,
1667,20,,
1668,14,,
1669,19,,
1670,9,,
1671,11,,
1673,14,,
1674,20,,
1675,18,,
1676,12,,
1677,12,,
1678,22,,
1679,16,,
1680,10,,
1681,38,,
1682,14,,
1683,15,,
1684,16,,
1685,21,,
1686,13,,
1687,9,,
1688,23,,
1689,17,,
1690,11,,
1692,20,,
1693,14,,
1694,9,,
1695,13,,
1697,10,,
1698,25,,
1699,14,,
1700,25,,
1701,13,,
1702,18,,
1703,23,,
1704,14,,
1705,20,,
1706,15,,
1707,19,,
1708,22,,
1709,20,,
1711,12,,
1712,18,,
1713,14,,
1714,31,,
1715,13,,
1716,13,,
1718,18,,
1719,24,,
1721,21,,
1722,31,,
1723,12,,
1724,17,,
1725,27,,
1726,10,,
1727,20,,
1730,12,,
1731,16,,
1732,13,,
1733,14,,
1735,21,,
1736,16,,
1737,16,,
1739,16,,
1740,20,,
1741,22,,
1745,17,,
1746,10,,
1747,17,,
1748,15,,
1749,20,,
1750,32,,
1751,13,,
1754,23,,
1756,14,,
1757,9,,
1758,19,,
1761,19,,
1764,19,,
1767,17,,
1768,16,,
1770,24,,
1771,12,,
1772,13,,
1773,20,,
1774,17,,
1775,14,,
1776,28,,
1777,17,,
1778,9,,
1779,14,,
1780,17,,
1781,21,,
1782,12,,
1783,24,,
1784,15,,
1785,20,,
1786,28,,
1787,14,,
1790,10,,
1791,13,,
1792,15,,
1793,12,,
1794,19,,
1796,15,,
1797,26,,
1798,16,,
1800,26,,
1801,9,,
1802,13,,
1804,11,,
1806,14,,
1808,12,,
1809,13,,
1813,19,,
1814,11,,
1815,19,,
1816,14,,
1817,13,,
1819,16,,
1820,18,,
1821,8,,
1822,10,,
1823,21,,
1824,10,,
1825,17,,
1826,18,,
1827,11,,
1828,17,,
1829,12,,
1830,9,,
1831,19,,
1834,13,,
1835,13,,
1836,10,,
1837,21,,
1838,17,,
1839,26,,
1840,10,,
1841,17,,
1842,21,,
1843,16,,
1844,19,,
1846,10,,
1847,28,,
1848,12,,
1849,26,,
1850,28,,
1851,15,,
1852,8,,
1854,19,,
1855,14,,
1856,25,,
1857,15,,
1858,9,,
1859,16,,
1860,17,,
1861,15,,
1862,17,,
1863,11,,
1864,12,,
1866,11,,
1867,16,,
1868,13,,
1869,11,,
1870,13,,
1871,16,,
1872,11,,
1873,12,,
1874,16,,
1875,31,,
1876,23,,
1877,15,,
1878,14,,
1880,13,,
1881,13,,
1882,13,,
1884,21,,
1885,17,,
1886,13,,
1887,16,,
1888,16,,
1889,12,,
1890,17,,
1891,13,,
1892,12,,
1893,16,,
1896,23,,
1897,19,,
1898,13,,
1900,15,,
1901,13,,
1902,12,,
1905,12,,
1906,11,,
1907,13,,
1908,15,,
1909,18,,
1910,17,,
1912,16,,
1913,8,,
1915,22,,
1916,22,,
1917,8,,
1918,13,,
1919,26,,
1921,14,,
1922,12,,
1923,11,,
1924,12,,
1925,10,,
1926,24,,
1927,10,,
1929,12,,
1930,14,,
1931,13,,
1932,25,,
1933,16,,
1934,14,,
1935,15,,
1936,13,,
1937,18,,
1938,12,,
1939,12,,
1940,20,,
1941,9,,
1942,14,,
1943,10,,
1944,11,,
1945,21,,
1946,19,,
1947,18,,
1949,14,,
1950,16,,
1951,15,,
1952,15,,
1953,17,,
1954,8,,
1955,10,,
1956,10,,
1957,18,,
1958,10,,
1959,12,,
1960,11,,
1961,21,,
1962,13,,
1963,24,,
1964,18,,
1965,18,,
1966,13,,
1967,8,,
1968,18,,
1969,15,,
1970,13,,
1971,21,,
1972,23,,
1973,13,,
1974,12,,
1975,18,,
1976,14,,
1977,27,,
1979,13,,
1981,28,,
1982,14,,
1983,10,,
1984,26,,
1986,14,,
1988,16,,
1989,17,,
1990,10,,
1992,20,,
1993,12,,
1995,14,,
1997,9,,
1998,17,,
1999,12,,
2001,18,,
2002,16,,
2004,13,,
2005,19,,
2006,17,,
2007,11,,
2008,15,,
2009,15,,
2011,20,,
2012,9,,
2014,8,,
2015,14,,
2016,13,,
2017,15,,
2018,11,,
2019,14,,
2020,12,,
2021,14,,
2022,10,,
2023,10,,
2024,12,,
2025,14,,
2027,11,,
2028,9,,
2029,14,,
2032,11,,
2033,18,,
2034,10,,
2037,27,,
2038,10,,
2039,10,,
2043,12,,
2044,17,,
2046,13,,
2047,26,,
2048,8,,
2049,16,,
2050,14,,
2054,16,,
2055,23,,
2056,26,,
2057,20,,
2058,18,,
2059,9,,
2060,14,,
2061,10,,
2062,14,,
2063,28,,
2064,16,,
2065,12,,
2066,12,,
2067,15,,
2068,9,,
2069,17,,
2070,18,,
2071,21,,
2072,15,,
2073,13,,
2074,11,,
2075,25,,
2076,21,,
2077,21,,
2078,14,,
2079,28,,
2080,11,,
2081,10,,
2082,21,,
2083,15,,
2084,14,,
2087,12,,
2088,21,,
2089,12,,
2090,14,,
2091,13,,
2092,13,,
2093,20,,
2097,14,,
2098,18,,
2099,12,,
2100,18,,
2101,19,,
2102,15,,
2103,12,,
2106,8,,
2107,10,,
2109,11,,
2112,20,,
2114,10,,
2115,13,,
2116,14,,
2119,10,,
2120,16,,
2121,9,,
2122,16,,
2123,9,,
2124,23,,
2125,20,,
2126,12,,
2128,18,,
2129,13,,
2130,19,,
2131,27,,
2133,15,,
2134,31,,
2135,20,,
2136,28,,
2137,14,,
2138,16,,
2139,8,,
2140,13,,
2142,18,,
2143,20,,
2144,18,,
2145,20,,
2146,17,,
2149,13,,
2150,16,,
2151,14,,
2152,8,,
2153,18,,
2154,8,,
2155,22,,
2156,21,,
2157,22,,
2158,18,,
2159,21,,
2160,10,,
2161,10,,
2162,10,,
2163,14,,
2164,13,,
2165,11,,
2166,11,,
2167,15,,
2168,14,,
2169,11,,
2170,15,,
2171,22,,
2172,10,,
2176,17,,
2177,10,,
2178,18,,
2179,18,,
2180,20,,
2181,14,,
2182,9,,
2183,18,,
2186,14,,
2190,13,,
2191,16,,
2192,12,,
2193,16,,
2194,15,,
2195,14,,
2196,11,,
2197,15,,
2198,18,,
2199,10,,
2200,9,,
2201,8,,
2202,13,,
2205,14,,
2206,10,,
2207,16,,
2208,24,,
2209,16,,
2210,12,,
2211,15,,
2212,15,,
2213,19,,
2214,11,,
2215,13,,
2216,16,,
2217,15,,
2218,11,,
2219,12,,
2221,13,,
2222,14,,
2223,14,,
2225,10,,
2226,14,,
2227,22,,
2228,19,,
2229,12,,
2230,13,,
2231,15,,
2232,17,,
2233,16,,
2235,13,,
2237,14,,
2238,8,,
2239,20,,
2240,11,,
2241,13,,
2242,13,,
2244,14,,
2245,24,,
2247,10,,
2248,14,,
2249,14,,
2250,17,,
2251,14,,
2252,17,,
2256,16,,
2257,13,,
2259,14,,
2260,12,,
2261,10,,
2262,11,,
2263,10,,
2265,10,,
2266,10,,
2267,18,,
2268,23,,
2269,14,,
2270,10,,
2271,10,,
2272,26,,
2273,16,,
2274,26,,
2275,17,,
2276,10,,
2277,18,,
2281,10,,
2282,14,,
2283,22,,
2284,10,,
2285,12,,
2286,26,,
2287,18,,
2288,17,,
2289,12,,
2290,23,,
2291,21,,
2292,10,,
2293,22,,
2294,16,,
2295,14,,
2296,22,,
2297,23,,
2298,15,,
2299,22,,
2300,14,,
2301,11,,
2302,31,,
2303,14,,
2304,11,,
2305,15,,
2306,16,,
2307,10,,
2308,14,,
2311,16,,
2312,13,,
2313,15,,
2314,16,,
2315,12,,
2316,22,,
2318,22,,
2319,12,,
2320,19,,
2321,14,,
2322,12,,
2323,8,,
2324,12,,
2325,19,,
2326,10,,
2327,12,,
2328,10,,
2329,12,,
2330,16,,
2331,12,,
2332,13,,
2333,15,,
2334,17,,
2335,16,,
2336,12,,
2337,12,,
2338,19,,
2339,17,,
2340,24,,
2341,13,,
2342,13,,
2343,12,,
2344,22,,
2345,13,,
2346,13,,
2348,12,,
2349,12,,
2350,12,,
2351,12,,
2352,22,,
2353,12,,
2354,25,,
2355,26,,
2356,12,,
2357,12,,
2358,17,,
2359,16,,
2360,12,,
2361,16,,
2362,15,,
2363,15,,
2364,18,,
2365,10,,
2366,14,,
2367,17,,
2368,19,,
2369,16,,
2370,14,,
2371,17,,
2372,13,,
2373,16,,
2374,20,,
2375,15,,
2376,17,,
2377,8,,
2378,17,,
2379,22,,
2380,15,,
2381,10,,
2382,13,,
2383,10,,
2384,13,,
2385,16,,
2386,12,,
2388,18,,
2389,14,,
2390,14,,
2391,22,,
2392,12,,
2394,13,,
2396,15,,
2399,18,,
2400,14,,
2401,17,,
2403,12,,
2404,10,,
2407,10,,
2408,11,,
2410,13,,
2413,21,,
2415,18,,
2416,14,,
2419,14,,
2422,10,,
2423,21,,
2426,14,,
2427,11,,
2429,23,,
2430,12,,
2431,24,,
2432,12,,
2433,29,,
2434,22,,
2435,16,,
2436,16,,
2437,12,,
2439,19,,
2440,16,,
2441,14,,
2442,12,,
2444,13,,
2445,10,,
2446,14,,
2448,12,,
2450,13,,
2451,26,,
2453,11,,
2454,10,,
2455,10,,
2456,12,,
2458,18,,
2459,23,,
2460,19,,
2461,21,,
2463,23,,
2464,21,,
2465,11,,
2466,18,,
2467,28,,
2468,11,,
2469,13,,
2470,17,,
2472,14,,
2473,21,,
2474,14,,
2475,23,,
2476,24,,
2477,22,,
2478,14,,
2479,18,,
2480,19,,
2481,28,,
2482,28,,
2483,18,,
2484,21,,
2485,20,,
2486,33,,
2487,16,,
2488,12,,
2489,22,,
2490,11,,
2491,18,,
2492,14,,
2493,11,,
2494,10,,
2495,12,,
2496,16,,
2497,27,,
2498,13,,
2499,19,,
2500,14,,
2501,12,,
2502,13,,
2503,14,,
2504,26,,
2505,11,,
2506,22,,
2507,20,,
2508,17,,
2509,18,,
2510,18,,
2511,13,,
2512,16,,
2513,13,,
2514,11,,
2515,13,,
2517,17,,
2518,16,,
2519,12,,
2522,26,,
2523,10,,
2524,14,,
2525,18,,
2526,14,,
2527,11,,
2528,17,,
2529,20,,
2530,10,,
2531,18,,
2533,26,,
2534,15,,
2535,19,,
2536,18,,
2539,17,,
2540,10,,
2541,10,,
2542,20,,
2543,14,,
2544,18,,
2545,25,,
2547,14,,
2548,21,,
2549,12,,
2550,15,,
2551,12,,
2552,16,,
2553,14,,
2554,25,,
2555,10,,
2556,16,,
2557,17,,
2558,14,,
2559,10,,
2560,11,,
2561,12,,
2563,17,,
2564,18,,
2565,24,,
2566,10,,
2567,14,,
2568,15,,
2570,12,,
2572,12,,
2573,13,,
2574,15,,
2575,10,,
2576,12,,
2577,16,,
2578,21,,
2579,26,,
2581,18,,
2582,14,,
2583,14,,
2584,16,,
2588,16,,
2589,15,,
2590,12,,
2591,11,,
2593,12,,
2596,14,,
2598,19,,
2600,16,,
2601,14,,
2602,16,,
2603,8,,
2605,16,,
2606,17,,
2607,18,,
2611,21,,
2612,16,,
2613,15,,
2614,15,,
2619,14,,
2620,15,,
2624,24,,
2625,10,,
2626,18,,
2628,15,,
2629,15,,
2630,18,,
2633,16,,
2634,13,,
2636,12,,
2637,23,,
2638,15,,
2640,24,,
2642,22,,
2643,9,,
2644,19,,
2645,14,,
2649,22,,
2650,23,,
2651,13,,
2652,16,,
2653,21,,
2654,9,,
2655,18,,
2656,19,,
2657,12,,
2658,18,,
2659,17,,
2662,14,,
2663,25,,
2664,15,,
2665,10,,
2666,29,,
2667,15,,
2668,13,,
2669,16,,
2670,13,,
2671,14,,
2672,13,,
2673,16,,
2674,14,,
2675,10,,
2677,19,,
2678,10,,
2679,21,,
2680,25,,
2681,10,,
2682,18,,
2683,12,,
2684,12,,
2685,16,,
2686,13,,
2687,8,,
2688,22,,
2689,17,,
2690,15,,
2691,22,,
2692,9,,
2693,24,,
2694,16,,
2695,14,,
2696,11,,
2697,16,,
2698,12,,
2700,19,,
2702,22,,
2703,12,,
2704,9,,
2705,16,,
2706,19,,
2707,17,,
2708,11,,
2709,14,,
2710,12,,
2711,9,,
2712,15,,
2713,24,,
2714,12,,
2715,16,,
2716,12,,
2717,16,,
2718,12,,
2720,14,,
2722,13,,
2723,17,,
2727,15,,
2729,18,,
2730,16,,
2731,12,,
2732,23,,
2733,12,,
2734,14,,
2736,20,,
2738,18,,
2740,12,,
2741,19,,
2742,11,,
2743,20,,
2744,19,,
2745,17,,
2746,13,,
2747,15,,
2748,21,,
2749,11,,
2751,33,,
2752,18,,
2753,24,,
2754,14,,
2755,9,,
2758,20,,
2759,16,,
2761,16,,
2762,13,,
2763,13,,
2764,17,,
2766,12,,
2768,21,,
2769,15,,
2771,13,,
2772,18,,
2775,12,,
2778,17,,
2779,16,,
2780,14,,
2781,21,,
2782,10,,
2783,16,,
2784,12,,
2785,12,,
2786,14,,
2787,11,,
2788,16,,
2789,16,,
2790,23,,
2791,14,,
2793,21,,
2794,10,,
2795,12,,
2796,20,,
2797,22,,
2798,21,,
2799,11,,
2800,18,,
2801,8,,
2802,14,,
2804,10,,
2805,14,,
2807,10,,
2808,13,,
2809,14,,
2812,10,,
2813,21,,
2814,18,,
2815,20,,
2816,16,,
2818,12,,
2819,13,,
2821,11,,
2822,19,,
2823,9,,
2826,12,,
2827,13,,
2828,12,,
2829,11,,
2830,15,,
2831,15,,
2832,24,,
2833,8,,
2834,14,,
2835,8,,
2837,13,,
2838,25,,
2839,21,,
2840,13,,
2841,14,,
2842,12,,
2843,15,,
2844,15,,
2847,8,,
2848,14,,
2849,20,,
2850,14,,
2851,19,,
2852,11,,
2854,18,,
2855,8,,
2856,12,,
2857,18,,
2858,24,,
2859,17,,
2860,9,,
2861,12,,
2862,16,,
2863,9,,
2864,18,,
2865,16,,
2866,13,,
2868,9,,
2870,30,,
2871,10,,
2872,10,,
2874,13,,
2875,13,,
2876,10,,
2877,11,,
2878,17,,
2879,16,,
2880,10,,
2881,23,,
2882,13,,
2883,9,,
2884,15,,
2885,12,,
2887,19,,
2888,19,,
2889,16,,
2890,20,,
2891,18,,
2892,12,,
2893,19,,
2894,20,,
2895,20,,
2896,17,,
2897,26,,
2899,10,,
2900,11,,
2901,23,,
2904,12,,
2907,22,,
2908,13,,
2909,14,,
2911,10,,
2912,12,,
2913,15,,
2914,16,,
2915,10,,
2916,10,,
2917,14,,
2920,13,,
2921,16,,
2922,16,,
2923,24,,
2924,25,,
2925,19,,
2926,18,,
2927,13,,
2929,20,,
2930,10,,
2931,8,,
2932,27,,
2933,8,,
2934,12,,
2937,19,,
2938,9,,
2939,9,,
2940,14,,
2941,8,,
2942,12,,
2943,10,,
2944,21,,
2945,14,,
2946,14,,
2947,12,,
2948,8,,
2949,16,,
2950,14,,
2951,13,,
2952,18,,
2953,15,,
2955,20,,
2956,15,,
2957,19,,
2958,13,,
2959,17,,
2960,8,,
2961,24,,
2962,15,,
2967,14,,
2968,10,,
2969,11,,
2970,12,,
2971,21,,
2972,17,,
2973,12,,
2974,10,,
2975,20,,
2977,11,,
2980,16,,
2981,8,,
2982,19,,
2983,13,,
2984,14,,
2985,11,,
2986,19,,
2987,19,,
2988,29,,
2989,21,,
2992,10,,
2993,11,,
2994,14,,
2995,10,,
2996,12,,
2997,22,,
2998,21,,
2999,18,,
3000,16,,
3001,20,,
3002,19,,
3007,14,,
3009,14,,
3011,19,,
3014,17,,
3015,34,,
3016,20,,
3017,21,,
3019,12,,
3020,14,,
3021,8,,
3022,19,,
3023,11,,
3024,13,,
3025,22,,
3027,16,,
3028,14,,
3029,14,,
3030,10,,
3031,13,,
3032,10,,
3033,20,,
3034,11,,
3035,18,,
3036,17,,
3038,12,,
3039,12,,
3040,15,,
3041,19,,
3042,10,,
3043,18,,
3045,18,,
3046,10,,
3047,13,,
3048,12,,
3051,14,,
3053,18,,
3054,20,,
3055,12,,
3057,14,,
3058,12,,
3060,14,,
3061,19,,
3063,12,,
3064,10,,
3065,25,,
3067,14,,
3068,11,,
3069,14,,
3070,10,,
3071,9,,
3072,14,,
3073,8,,
3075,8,,
3076,23,,
3077,10,,
3078,13,,
3079,18,,
3080,14,,
3081,11,,
3082,13,,
3083,8,,
3084,8,,
3085,11,,
3086,17,,
3087,14,,
3088,14,,
3089,19,,
3090,9,,
3091,13,,
3092,19,,
3093,15,,
3094,13,,
3095,16,,
3096,18,,
3097,20,,
3098,13,,
3101,9,,
3102,20,,
3103,15,,
3104,12,,
3105,13,,
3106,13,,
3107,14,,
3108,16,,
3109,16,,
3110,24,,
3111,10,,
3112,9,,
3113,23,,
3114,12,,
3115,13,,
3116,14,,
3117,15,,
3118,24,,
3119,9,,
3120,14,,
3121,24,,
3122,10,,
3123,18,,
3124,14,,
3125,12,,
3126,12,,
3127,29,,
3128,27,,
3129,12,,
3130,10,,
3131,13,,
3132,14,,
3133,18,,
3134,13,,
3135,23,,
3136,11,,
3137,19,,
3138,20,,
3139,12,,
3140,25,,
3141,11,,
3142,14,,
3143,9,,
3144,17,,
3145,18,,
3146,12,,
3147,16,,
3148,21,,
3149,12,,
3150,12,,
3151,12,,
3152,11,,
3154,17,,
3155,18,,
3156,22,,
3157,17,,
3158,12,,
3159,15,,
3160,21,,
3161,23,,
3162,18,,
3163,14,,
3164,15,,
3165,20,,
3166,26,,
3167,8,,
3168,9,,
3169,12,,
3170,14,,
3171,13,,
3172,11,,
3175,21,,
3176,11,,
3177,18,,
3178,26,,
3179,22,,
3180,25,,
3181,13,,
3182,9,,
3183,18,,
3184,19,,
3187,20,,
3188,13,,
3189,26,,
3190,25,,
3191,18,,
3192,16,,
3194,23,,
3195,11,,
3196,17,,
3197,16,,
3198,13,,
3199,14,,
3200,20,,
3201,23,,
3202,11,,
3203,25,,
3204,18,,
3205,16,,
3206,20,,
3207,21,,
3209,8,,
3210,16,,
3211,12,,
3212,13,,
3213,23,,
3214,11,,
3215,13,,
3216,18,,
3217,11,,
3218,24,,
3219,29,,
3221,23,,
3223,19,,
3224,14,,
3225,14,,
3226,13,,
3227,19,,
3228,14,,
3229,13,,
3230,12,,
3231,24,,
3232,8,,
3234,9,,
3235,17,,
3236,12,,
3237,12,,
3238,14,,
3239,16,,
3240,8,,
3241,17,,
3242,13,,
3243,15,,
3244,12,,
3245,25,,
3246,10,,
3248,17,,
3250,19,,
3251,9,,
3252,14,,
3254,15,,
3257,12,,
3258,10,,
3259,12,,
3260,15,,
3261,10,,
3262,15,,
3263,13,,
3264,11,,
3265,26,,
3266,16,,
3267,13,,
3268,15,,
3269,16,,
3270,14,,
3271,14,,
3272,25,,
3273,22,,
3274,19,,
3275,16,,
3279,22,,
3280,12,,
3281,20,,
3282,11,,
3283,24,,
3284,17,,
3285,27,,
3286,17,,
3287,13,,
3289,14,,
3290,13,,
3291,23,,
3292,12,,
3294,16,,
3296,17,,
3297,14,,
3298,9,,
3299,16,,
3300,11,,
3302,20,,
3303,23,,
3304,27,,
3305,16,,
3306,8,,
3307,21,,
3309,24,,
3310,12,,
3311,19,,
3312,17,,
3313,10,,
3314,19,,
3315,12,,
3316,9,,
3317,20,,
3318,21,,
3319,14,,
3320,10,,
3322,23,,
3324,19,,
3325,20,,
3326,17,,
3327,17,,
3328,10,,
3329,12,,
3330,9,,
3331,13,,
3332,16,,
3333,12,,
3334,18,,
3335,14,,
3336,10,,
3337,16,,
3338,25,,
3339,20,,
3340,20,,
3342,25,,
3343,17,,
3344,20,,
3346,22,,
3347,24,,
3348,16,,
3349,18,,
3350,23,,
3351,10,,
3352,10,,
3353,15,,
3354,14,,
3355,11,,
3356,16,,
3357,9,,
3358,22,,
3359,13,,
3360,21,,
3361,11,,
3362,11,,
3363,11,,
3364,14,,
3365,13,,
3367,17,,
3372,11,,
3373,12,,
3374,14,,
3375,11,,
3376,14,,
3377,24,,
3378,8,,
3379,17,,
3380,22,,
3381,19,,
3382,18,,
3383,25,,
3384,9,,
3386,18,,
3387,19,,
3388,12,,
3390,12,,
3391,21,,
3392,12,,
3393,19,,
3394,29,,
3395,10,,
3396,14,,
3397,16,,
3400,22,,
3401,14,,
3402,17,,
3403,21,,
3404,13,,
3405,9,,
3406,21,,
3407,14,,
3410,23,,
3412,15,,
3413,22,,
3414,14,,
3415,33,,
3416,20,,
3417,14,,
3418,9,,
3420,16,,
3421,18,,
3423,19,,
3424,8,,
3425,16,,
3426,19,,
3427,22,,
3428,24,,
3430,8,,
3431,21,,
3433,25,,
3434,15,,
3435,23,,
3436,10,,
3437,16,,
3438,21,,
3441,16,,
3442,9,,
3443,11,,
3446,21,,
3447,12,,
3448,21,,
3449,20,,
3450,11,,
3451,8,,
3452,30,,
3453,16,,
3454,14,,
3455,11,,
3457,26,,
3459,14,,
3460,8,,
3461,18,,
3462,17,,
3463,28,,
3464,26,,
3465,12,,
3466,14,,
3467,14,,
3468,16,,
3470,21,,
3473,9,,
3474,13,,
3475,12,,
3476,21,,
3477,17,,
3478,12,,
3479,15,,
3480,20,,
3481,8,,
3482,23,,
3483,13,,
3484,20,,
3486,19,,
3487,12,,
3488,10,,
3489,16,,
3490,15,,
3491,10,,
3492,15,,
3493,14,,
3494,16,,
3495,13,,
3496,13,,
3502,14,,
3504,16,,
3505,15,,
3508,15,,
3509,27,,
3510,22,,
3511,14,,
3512,24,,
3513,14,,
3515,11,,
3516,18,,
3518,13,,
3519,14,,
3521,12,,
3522,15,,
3523,14,,
3524,17,,
3525,20,,
3526,13,,
3527,14,,
3528,12,,
3529,17,,
3530,15,,
3531,11,,
3532,17,,
3533,15,,
3534,18,,
3536,21,,
3539,16,,
3541,26,,
3542,24,,
3543,16,,
3548,15,,
3549,15,,
3550,17,,
3551,17,,
3552,16,,
3555,17,,
3556,15,,
3557,10,,
3558,34,,
3560,12,,
3561,18,,
3562,28,,
3563,10,,
3564,13,,
3566,24,,
3567,16,,
3568,13,,
3570,11,,
3571,15,,
3573,13,,
3574,19,,
3576,15,,
3578,13,,
3579,13,,
3580,18,,
3582,27,,
3583,12,,
3585,21,,
3586,19,,
3587,11,,
3589,13,,
3590,22,,
3591,26,,
3592,10,,
3593,12,,
3594,28,,
3595,16,,
3596,15,,
3597,16,,
3598,32,,
3599,13,,
3600,11,,
3601,16,,
3602,16,,
3603,15,,
3604,19,,
3605,18,,
3606,12,,
3607,10,,
3608,19,,
3611,17,,
3612,23,,
3613,24,,
3614,19,,
3615,17,,
3616,12,,
3617,16,,
3618,16,,
3619,10,,
3620,14,,
3621,15,,
3622,19,,
3623,13,,
3624,27,,
3625,24,,
3626,17,,
3627,16,,
3629,27,,
3630,16,,
3631,19,,
3632,12,,
3633,23,,
3634,20,,
3636,16,,
3638,14,,
3639,13,,
3640,17,,
3641,20,,
3642,17,,
3643,13,,
3645,8,,
3646,18,,
3648,23,,
3649,14,,
3650,20,,
3651,17,,
3652,12,,
3653,16,,
3654,24,,
3655,21,,
3656,12,,
3657,21,,
3658,14,,
3660,11,,
3661,30,,
3662,17,,
3663,16,,
3664,26,,
3665,18,,
3667,13,,
3668,24,,
3669,14,,
3670,14,,
3671,11,,
3673,8,,
3674,12,,
3675,18,,
3676,16,,
3677,19,,
3679,10,,
3680,20,,
3681,13,,
3684,19,,
3685,26,,
3686,18,,
3687,12,,
3689,18,,
3690,11,,
3691,17,,
3692,21,,
3693,17,,
3694,15,,
3696,12,,
3697,10,,
3698,15,,
3699,20,,
3700,16,,
3701,14,,
3704,20,,
3705,19,,
3706,15,,
3707,28,,
3708,11,,
3709,28,,
3710,17,,
3711,16,,
3712,17,,
3713,22,,
3714,14,,
3715,12,,
3716,14,,
3717,13,,
3718,10,,
3719,20,,
3720,18,,
3722,14,,
3724,17,,
3725,10,,
3727,12,,
3728,19,,
3730,24,,
3731,15,,
3732,16,,
3733,13,,
3734,13,,
3735,21,,
3736,23,,
3738,22,,
3739,21,,
3742,25,,
3743,21,,
3745,11,,
3746,19,,
3747,18,,
3748,14,,
3749,9,,
3750,11,,
3751,16,,
3752,19,,
3754,11,,
3757,19,,
3758,25,,
3759,32,,
3760,24,,
3761,18,,
3762,12,,
3763,39,,
3764,15,,
3765,23,,
3766,14,,
3768,15,,
3773,16,,
3774,30,,
3775,10,,
3776,23,,
3777,15,,
3778,18,,
3779,14,,
3780,10,,
3781,13,,
3782,14,,
3783,23,,
3784,27,,
3785,16,,
3786,9,,
3787,21,,
3788,19,,
3789,14,,
3790,13,,
3791,34,,
3792,16,,
3793,16,,
3794,19,,
3795,11,,
3796,20,,
3797,15,,
3798,25,,
3799,25,,
3800,11,,
3801,11,,
3802,18,,
3804,12,,
3806,12,,
3807,12,,
3809,12,,
3810,20,,
3811,20,,
3812,10,,
3813,14,,
3814,22,,
3817,13,,
3818,29,,
3819,13,,
3820,15,,
3821,11,,
3823,25,,
3824,23,,
3826,11,,
3827,12,,
3828,12,,
3829,12,,
3830,14,,
3831,10,,
3832,9,,
3833,17,,
3837,13,,
3838,12,,
3839,21,,
3840,18,,
3842,32,,
3843,24,,
3844,22,,
3847,21,,
3848,16,,
3849,20,,
3850,15,,
3851,19,,
3852,24,,
3857,23,,
3858,11,,
3860,14,,
3861,23,,
3862,13,,
3863,42,,
3864,31,,
3865,14,,
3866,22,,
3867,12,,
3869,16,,
3870,12,,
3871,11,,
3872,12,,
3873,16,,
3874,12,,
3875,13,,
3876,16,,
3877,11,,
3878,24,,
3879,25,,
3881,10,,
3882,33,,
3883,17,,
3885,12,,
3886,12,,
3887,9,,
3888,12,,
3890,8,,
3891,16,,
3892,17,,
3893,14,,
3894,9,,
3895,15,,
3896,14,,
3897,19,,
3900,14,,
3901,17,,
3902,10,,
3903,12,,
3904,12,,
3905,23,,
3906,14,,
3907,17,,
3908,24,,
3909,22,,
3910,17,,
3911,20,,
3912,12,,
3916,23,,
3917,12,,
3918,14,,
3919,18,,
3920,19,,
3921,26,,
3922,8,,
3924,12,,
3925,17,,
3926,21,,
3927,9,,
3929,26,,
3930,23,,
3931,18,,
3932,11,,
3933,8,,
3934,20,,
3935,15,,
3936,11,,
3937,11,,
3938,8,,
3939,35,,
3940,22,,
3941,22,,
3942,13,,
3943,15,,
3945,19,,
3946,13,,
3947,17,,
3950,13,,
3951,24,,
3952,16,,
3953,8,,
3954,12,,
3956,29,,
3957,13,,
3958,25,,
3962,22,,
3963,22,,
3964,11,,
3965,17,,
3967,26,,
3968,15,,
3969,10,,
3970,15,,
3972,14,,
3973,35,,
3974,23,,
3975,16,,
3976,24,,
3977,21,,
3978,15,,
3979,24,,
3981,21,,
3984,11,,
3986,24,,
3988,16,,
3989,12,,
3990,10,,
3991,10,,
3992,24,,
3993,16,,
3994,13,,
3995,11,,
3997,20,,
3998,29,,
3999,12,,
4000,22,,
4001,17,,
4002,18,,
4003,18,,
4004,26,,
4005,25,,
4006,19,,
4007,14,,
4008,11,,
4009,27,,
4010,19,,
4011,17,,
4012,22,,
4013,20,,
4014,17,,
4015,23,,
4016,27,,
4017,37,,
4018,14,,
4019,14,,
4020,14,,
4021,23,,
4022,12,,
4024,25,,
4025,15,,
4026,11,,
4028,13,,
4029,10,,
4030,11,,
4031,9,,
4032,9,,
4033,14,,
4034,23,,
4035,17,,
4036,11,,
4037,17,,
4038,14,,
4039,13,,
4041,25,,
4043,9,,
4044,17,,
4045,16,,
4046,11,,
4047,18,,
4048,13,,
4049,24,,
4052,13,,
4054,25,,
4056,25,,
4057,16,,
4058,11,,
4059,25,,
4060,20,,
4061,18,,
4062,19,,
4063,14,,
4064,15,,
4065,25,,
4066,12,,
4067,9,,
4068,11,,
4069,35,,
4070,25,,
4071,19,,
4072,17,,
4073,30,,
4074,19,,
4076,15,,
4079,14,,
4080,20,,
4081,13,,
4083,21,,
4085,10,,
4086,15,,
4087,10,,
4088,12,,
4089,24,,
4092,28,,
4096,23,,
4097,28,,
4099,10,,
4100,11,,
4101,17,,
4102,11,,
4103,12,,
4104,14,,
4105,19,,
4106,10,,
4107,21,,
4108,19,,
4109,12,,
4110,13,,
4111,11,,
4112,17,,
4113,10,,
4114,9,,
4115,20,,
4116,17,,
4117,27,,
4119,9,,
4120,13,,
4121,20,,
4122,10,,
4123,26,,
4124,10,,
4125,20,,
4126,14,,
4127,18,,
4128,22,,
4129,24,,
4130,12,,
4131,21,,
4132,9,,
4133,12,,
4134,11,,
4135,17,,
4136,27,,
4137,8,,
4138,18,,
4140,17,,
4141,15,,
4142,16,,
4143,24,,
4144,25,,
4145,19,,
4146,27,,
4147,15,,
4148,14,,
4149,28,,
4150,21,,
4151,14,,
4153,28,,
4154,26,,
4155,14,,
4157,22,,
4158,9,,
4160,16,,
4161,18,,
4162,31,,
4163,13,,
4165,29,,
4166,13,,
4168,10,,
4170,20,,
4171,15,,
4172,15,,
4175,15,,
4177,24,,
4179,9,,
4182,15,,
4183,28,,
4184,15,,
4185,22,,
4186,25,,
4187,33,,
4188,15,,
4189,18,,
4190,12,,
4191,29,,
4192,23,,
4193,15,,
4194,25,,
4197,19,,
4198,31,,
4199,15,,
4200,17,,
4201,12,,
4202,26,,
4203,13,,
4204,21,,
4205,8,,
4206,11,,
4207,26,,
4208,14,,
4209,13,,
4210,28,,
4211,19,,
4212,15,,
4213,12,,
4214,34,,
4215,17,,
4216,8,,
4217,14,,
4218,11,,
4219,13,,
4220,18,,
4222,15,,
4223,10,,
4224,11,,
4226,18,,
4227,26,,
4228,14,,
4229,13,,
4230,13,,
4231,16,,
4232,16,,
4233,22,,
4234,23,,
4235,14,,
4236,9,,
4237,12,,
4238,20,,
4239,15,,
4240,16,,
4241,18,,
4242,13,,
4243,18,,
4244,27,,
4246,34,,
4247,26,,
4248,21,,
4249,11,,
4250,22,,
4251,15,,
4252,21,,
4253,32,,
4254,15,,
4255,15,,
4256,18,,
4257,25,,
4258,18,,
4260,14,,
4261,18,,
4262,13,,
4263,26,,
4264,30,,
4265,15,,
4267,12,,
4268,18,,
4269,17,,
4270,16,,
4272,13,,
4273,31,,
4275,11,,
4276,13,,
4277,12,,
4278,26,,
4279,16,,
4280,35,,
4281,12,,
4282,15,,
4283,11,,
4284,21,,
4285,22,,
4286,14,,
4287,20,,
4288,24,,
4289,16,,
4290,17,,
4291,21,,
4292,20,,
4293,14,,
4294,11,,
4295,22,,
4296,12,,
4297,45,,
4298,14,,
4299,19,,
4300,16,,
4301,13,,
4302,13,,
4303,12,,
4304,13,,
4305,15,,
4306,12,,
4307,24,,
4308,16,,
4309,11,,
4311,12,,
4312,13,,
4314,15,,
4315,14,,
4316,13,,
4317,8,,
4318,14,,
4320,21,,
4321,16,,
4322,18,,
4323,12,,
4324,19,,
4325,10,,
4326,10,,
4327,13,,
4328,34,,
4329,10,,
4330,12,,
4331,10,,
4332,15,,
4333,15,,
4335,26,,
4336,20,,
4337,16,,
4338,15,,
4340,13,,
4341,13,,
4342,23,,
4343,18,,
4344,16,,
4345,12,,
4346,14,,
4347,12,,
4349,20,,
4351,19,,
4353,12,,
4354,11,,
4355,12,,
4357,12,,
4358,9,,
4360,18,,
4362,10,,
4363,15,,
4364,12,,
4365,29,,
4366,13,,
4367,9,,
4368,10,,
4371,11,,
4372,12,,
4373,11,,
4378,21,,
4379,11,,
4380,12,,
4383,20,,
4384,16,,
4385,10,,
4386,17,,
4387,13,,
4388,11,,
4389,12,,
4391,18,,
4393,8,,
4394,17,,
4395,12,,
4396,16,,
4397,14,,
4399,8,,
4401,16,,
4402,12,,
4403,9,,
4404,10,,
4405,20,,
4406,14,,
4407,19,,
4408,11,,
4409,18,,
4410,20,,
4411,23,,
4412,15,,
4413,12,,
4414,10,,
4415,14,,
4416,12,,
4417,12,,
4418,13,,
4420,15,,
4421,10,,
4422,10,,
4425,14,,
4426,10,,
4427,17,,
4430,13,,
4431,23,,
4434,31,,
4435,12,,
4437,10,,
4439,10,,
4441,15,,
4442,8,,
4443,14,,
4444,16,,
4446,15,,
4447,17,,
4448,20,,
4449,13,,
4450,20,,
4451,14,,
4452,10,,
4453,14,,
4454,15,,
4456,9,,
4457,9,,
4458,8,,
4459,16,,
4460,8,,
4462,10,,
4464,13,,
4466,13,,
4468,9,,
4469,11,,
4470,9,,
4471,24,,
4472,14,,
4473,11,,
4474,13,,
4475,12,,
4476,13,,
4477,10,,
4480,11,,
4482,14,,
4484,30,,
4486,11,,
4487,10,,
4489,10,,
4490,13,,
4491,12,,
4492,15,,
4493,18,,
4494,20,,
4495,12,,
4496,12,,
4498,13,,
4499,11,,
4500,16,,
4501,24,,
4502,16,,
4503,17,,
4505,23,,
4506,12,,
4507,12,,
4508,8,,
4509,12,,
4510,13,,
4511,19,,
4512,14,,
4513,16,,
4514,16,,
4515,17,,
4516,10,,
4517,14,,
4518,15,,
4519,10,,
4520,9,,
4521,14,,
4522,13,,
4523,21,,
4524,11,,
4525,14,,
4526,19,,
4527,9,,
4528,21,,
4529,10,,
4530,10,,
4531,10,,
4532,9,,
4533,14,,
4534,15,,
4537,12,,
4538,13,,
4539,11,,
4540,10,,
4542,17,,
4543,19,,
4544,12,,
4545,17,,
4546,16,,
4547,15,,
4548,20,,
4550,12,,
4551,22,,
4552,12,,
4553,8,,
4554,19,,
4555,14,,
4557,19,,
4558,10,,
4559,13,,
4560,16,,
4561,11,,
4562,12,,
4565,10,,
4567,10,,
4568,13,,
4569,22,,
4570,14,,
4571,18,,
4572,15,,
4573,21,,
4574,11,,
4575,10,,
4576,10,,
4577,14,,
4578,16,,
4579,16,,
4580,24,,
4581,15,,
4582,16,,
4583,10,,
4584,18,,
4585,9,,
4586,33,,
4588,11,,
4589,16,,
4590,18,,
4591,18,,
4592,19,,
4593,19,,
4595,14,,
4596,16,,
4597,8,,
4598,15,,
4599,12,,
4600,18,,
4601,17,,
4602,14,,
4603,22,,
4604,16,,
4605,9,,
4606,22,,
4607,8,,
4608,25,,
4609,15,,
4610,19,,
4611,11,,
4612,11,,
4613,17,,
4614,13,,
4615,13,,
4616,11,,
4617,14,,
4618,19,,
4619,17,,
4620,16,,
4621,14,,
4622,10,,
4623,15,,
4624,14,,
4625,15,,
4627,15,,
4628,24,,
4629,16,,
4630,18,,
4633,19,,
4635,11,,
4636,14,,
4637,13,,
4639,12,,
4642,19,,
4643,13,,
4644,22,,
4645,10,,
4646,14,,
4647,14,,
4648,14,,
4651,10,,
4652,20,,
4654,16,,
4656,10,,
4657,11,,
4658,12,,
4659,13,,
4660,8,,
4661,12,,
4662,17,,
4663,12,,
4664,20,,
4665,13,,
4666,10,,
4667,12,,
4668,16,,
4669,8,,
4670,10,,
4671,20,,
4672,14,,
4673,8,,
4674,10,,
4675,14,,
4676,21,,
4677,12,,
4678,14,,
4679,16,,
4680,12,,
4681,12,,
4682,11,,
4683,20,,
4684,11,,
4685,14,,
4686,14,,
4687,11,,
4688,15,,
4689,14,,
4691,19,,
4692,10,,
4693,25,,
4694,11,,
4695,10,,
4696,15,,
4697,16,,
4698,15,,
4700,18,,
4701,10,,
4703,16,,
4704,13,,
4706,17,,
4707,17,,
4708,11,,
4709,12,,
4710,14,,
4711,12,,
4712,17,,
4713,12,,
4714,8,,
4715,13,,
4716,14,,
4717,17,,
4718,19,,
4720,14,,
4722,17,,
4726,13,,
4727,13,,
4728,21,,
4729,12,,
4730,18,,
4731,19,,
4732,14,,
4733,10,,
4734,9,,
4735,10,,
4736,13,,
4737,13,,
4738,10,,
4739,16,,
4740,12,,
4741,12,,
4742,13,,
4743,12,,
4744,12,,
4745,11,,
4746,13,,
4748,14,,
4749,10,,
4750,11,,
4751,13,,
4753,10,,
4754,12,,
4755,16,,
4756,25,,
4757,14,,
4760,17,,
4761,11,,
4762,15,,
4763,14,,
4764,13,,
4765,10,,
4766,13,,
4767,13,,
4769,9,,
4770,20,,
4771,19,,
4772,11,,
4774,14,,
4775,9,,
4776,19,,
4777,17,,
4778,14,,
4779,24,,
4780,14,,
4781,13,,
4783,15,,
4784,12,,
4787,14,,
4788,12,,
4789,17,,
4792,12,,
4793,22,,
4794,14,,
4796,17,,
4797,13,,
4798,10,,
4799,11,,
4801,13,,
4802,15,,
4804,14,,
4805,10,,
4807,27,,
4808,10,,
4809,15,,
4811,13,,
4812,16,,
4813,10,,
4815,21,,
4816,15,,
4817,12,,
4818,12,,
4819,12,,
4823,13,,
4824,16,,
4826,11,,
4827,8,,
4828,16,,
4831,15,,
4832,13,,
4833,14,,
4835,16,,
4836,13,,
4837,17,,
4838,21,,
4839,19,,
4840,11,,
4841,23,,
4842,15,,
4843,10,,
4844,11,,
4845,13,,
4846,11,,
4847,14,,
4850,15,,
4851,16,,
4854,12,,
4856,9,,
4857,16,,
4858,10,,
4860,12,,
4861,11,,
4863,11,,
4864,12,,
4865,10,,
4866,11,,
4867,17,,
4868,16,,
4869,14,,
4870,16,,
4872,16,,
4873,14,,
4874,13,,
4875,13,,
4876,17,,
4877,14,,
4878,16,,
4879,14,,
4880,16,,
4881,20,,
4882,18,,
4883,15,,
4884,14,,
4885,18,,
4886,15,,
4887,13,,
4889,13,,
4890,10,,
4891,11,,
4892,8,,
4893,19,,
4894,12,,
4895,17,,
4896,12,,
4899,21,,
4901,13,,
4902,17,,
4903,11,,
4904,11,,
4905,9,,
4908,12,,
4911,12,,
4912,12,,
4913,15,,
4914,11,,
4916,12,,
4917,15,,
4918,14,,
4919,10,,
4920,10,,
4922,16,,
4923,13,,
4924,10,,
4925,15,,
4926,13,,
4927,12,,
4928,15,,
4929,16,,
4930,10,,
4931,13,,
4932,10,,
4933,17,,
4934,14,,
4936,17,,
4937,14,,
4938,10,,
4939,9,,
4941,8,,
4943,12,,
4945,16,,
4947,14,,
4949,13,,
4950,11,,
4951,24,,
4952,11,,
4954,14,,
4955,13,,
4956,16,,
4957,16,,
4958,12,,
4959,10,,
4960,15,,
4961,15,,
4962,15,,
4963,10,,
4964,13,,
4965,13,,
4966,12,,
4968,15,,
4970,11,,
4971,14,,
4972,11,,
4973,17,,
4974,12,,
4975,13,,
4976,14,,
4977,12,,
4978,12,,
4980,20,,
4981,16,,
4982,13,,
4983,10,,
4984,18,,
4985,12,,
4986,8,,
4987,14,,
4988,11,,
4989,12,,
4990,14,,
4991,8,,
4992,12,,
4993,8,,
4994,12,,
4995,15,,
4997,13,,
4998,20,,
5000,9,,
5001,17,,
5002,8,,
5003,12,,
5004,12,,
5005,13,,
5006,12,,
5007,11,,
5009,10,,
5010,10,,
5011,14,,
5012,12,,
5013,16,,
5014,11,,
5015,12,,
5016,12,,
5017,8,,
5018,14,,
5019,11,,
5020,12,,
5021,10,,
5022,10,,
5023,13,,
5024,12,,
5025,19,,
5026,10,,
5027,12,,
5028,12,,
5029,13,,
5030,11,,
5031,13,,
5032,10,,
5033,20,,
5034,10,,
5035,11,,
5036,16,,
5038,12,,
5039,10,,
5041,18,,
5044,14,,
5045,10,,
5047,15,,
5050,8,,
5051,16,,
5052,13,,
5055,10,,
5056,12,,
5057,15,,
5058,17,,
5059,14,,
5061,10,,
5063,11,,
5064,16,,
5066,13,,
5067,15,,
5068,17,,
5070,24,,
5071,20,,
5073,20,,
5074,16,,
5075,8,,
5077,11,,
5078,13,,
5079,14,,
5080,18,,
5082,11,,
5085,15,,
5086,12,,
5087,10,,
5088,10,,
5089,22,,
5090,8,,
5092,15,,
5093,15,,
5094,16,,
5095,13,,
5096,10,,
5097,12,,
5098,12,,
5099,9,,
5100,15,,
5101,13,,
5102,14,,
5103,18,,
5105,14,,
5106,13,,
5108,13,,
5109,10,,
5110,12,,
5111,16,,
5112,15,,
5113,12,,
5114,15,,
5115,14,,
5117,11,,
5118,10,,
5119,10,,
5120,13,,
5121,24,,
5122,18,,
5123,20,,
5124,11,,
5125,24,,
5128,14,,
5129,12,,
5138,10,,
5139,17,,
5140,15,,
5141,15,,
5142,26,,
5143,20,,
5144,17,,
5147,13,,
5148,13,,
5149,11,,
5150,21,,
5151,10,,
5153,28,,
5154,25,,
5155,19,,
5156,11,,
5157,11,,
5158,17,,
5159,16,,
5160,22,,
5161,13,,
5163,22,,
5164,22,,
5165,25,,
5166,24,,
5168,15,,
5169,27,,
5170,15,,
5172,14,,
5173,20,,
5174,9,,
5175,17,,
5176,19,,
5177,13,,
5178,19,,
5179,25,,
5180,23,,
5181,17,,
5182,21,,
5183,12,,
5184,21,,
5185,14,,
5187,14,,
5188,24,,
5189,22,,
5190,19,,
5192,18,,
5193,16,,
5194,23,,
5195,25,,
5196,17,,
5197,16,,
5200,21,,
5201,25,,
5202,16,,
5203,10,,
5204,30,,
5205,20,,
5206,34,,
5207,22,,
5208,17,,
5210,16,,
5211,19,,
5214,19,,
5215,32,,
5216,19,,
5219,18,,
5220,34,,
5221,21,,
5222,12,,
5224,16,,
5225,15,,
5226,22,,
5227,19,,
5229,21,,
5230,15,,
5231,17,,
5232,12,,
5235,12,,
5236,17,,
5237,15,,
5238,11,,
5240,15,,
5241,17,,
5242,10,,
5243,13,,
5245,12,,
5246,16,,
5247,12,,
5248,10,,
5249,14,,
5250,16,,
5251,11,,
5252,30,,
5253,13,,
5254,15,,
5257,13,,
5258,15,,
5259,15,,
5260,13,,
5261,12,,
5262,13,,
5264,8,,
5265,17,,
5266,18,,
5267,13,,
5271,16,,
5272,18,,
5273,18,,
5274,18,,
5275,9,,
5276,25,,
5277,11,,
5279,12,,
5280,12,,
5281,13,,
5282,13,,
5283,10,,
5284,12,,
5285,8,,
5286,15,,
5287,8,,
5288,14,,
5290,12,,
5291,13,,
5292,12,,
5294,10,,
5295,13,,
5296,17,,
5298,11,,
5300,16,,
5301,12,,
5302,18,,
5303,12,,
5304,20,,
5306,15,,
5307,19,,
5308,13,,
5309,12,,
5310,13,,
5311,13,,
5312,12,,
5314,17,,
5315,13,,
5316,26,,
5317,24,,
5318,18,,
5319,22,,
5322,12,,
5323,10,,
5324,12,,
5325,25,,
5326,13,,
5327,16,,
5328,25,,
5329,19,,
5330,12,,
5332,9,,
5334,15,,
5335,10,,
5336,21,,
5337,10,,
5338,11,,
5339,10,,
5340,15,,
5341,13,,
5343,13,,
5344,14,,
5345,14,,
5347,21,,
5348,11,,
5349,13,,
5350,12,,
5351,10,,
5352,23,,
5353,15,,
5354,10,,
5355,13,,
5356,15,,
5357,18,,
5358,14,,
5359,15,,
5360,10,,
5361,21,,
5362,12,,
5364,14,,
5367,15,,
5369,20,,
5370,25,,
5372,31,,
5373,10,,
5374,18,,
5375,19,,
5376,13,,
5377,13,,
5378,18,,
5379,12,,
5380,11,,
5381,24,,
5382,12,,
5383,14,,
5384,17,,
5385,14,,
5386,11,,
5387,27,,
5388,15,,
5389,18,,
5391,12,,
5392,12,,
5393,11,,
5394,10,,
5395,10,,
5396,17,,
5398,12,,
5399,24,,
5400,24,,
5401,17,,
5402,20,,
5403,16,,
5406,21,,
5407,19,,
5408,12,,
5413,11,,
5414,26,,
5415,13,,
5416,16,,
5417,21,,
5418,21,,
5419,22,,
5420,11,,
5421,12,,
5422,16,,
5423,11,,
5424,19,,
5425,20,,
5426,12,,
5427,11,,
5428,10,,
5429,17,,
5430,17,,
5431,15,,
5432,11,,
5433,16,,
5434,12,,
5435,10,,
5436,10,,
5437,11,,
5438,20,,
5439,19,,
5440,10,,
5441,17,,
5442,16,,
5443,21,,
5444,19,,
5445,15,,
5446,12,,
5447,11,,
5448,9,,
5449,16,,
5450,14,,
5451,17,,
5453,12,,
5454,10,,
5455,16,,
5456,16,,
5457,21,,
5458,15,,
5459,16,,
5460,13,,
5461,23,,
5462,11,,
5463,28,,
5464,11,,
5465,10,,
5466,17,,
5467,14,,
5468,24,,
5469,12,,
5470,18,,
5471,26,,
5472,25,,
5473,20,,
5474,16,,
5475,10,,
5476,11,,
5477,25,,
5478,22,,
5479,14,,
5480,14,,
5481,11,,
5484,10,,
5486,10,,
5488,15,,
5490,22,,
5491,11,,
5492,10,,
5493,15,,
5494,16,,
5495,35,,
5496,16,,
5497,10,,
5498,15,,
5501,14,,
5502,13,,
5503,15,,
5504,16,,
5505,14,,
5508,12,,
5510,24,,
5511,15,,
5512,14,,
5513,18,,
5514,20,,
5515,21,,
5516,20,,
5517,16,,
5518,19,,
5519,15,,
5520,23,,
5521,9,,
5522,17,,
5523,18,,
5524,14,,
5525,10,,
5526,10,,
5527,20,,
5528,8,,
5529,12,,
5530,28,,
5532,10,,
5533,10,,
5534,14,,
5535,14,,
5536,15,,
5537,14,,
5538,12,,
5539,12,,
5540,9,,
5542,9,,
5543,17,,
5545,15,,
5546,14,,
5548,12,,
5549,18,,
5550,17,,
5551,11,,
5552,17,,
5553,16,,
5554,20,,
5555,19,,
5556,16,,
5557,23,,
5558,14,,
5561,10,,
5563,30,,
5565,18,,
5566,16,,
5567,12,,
5568,14,,
5569,12,,
5570,15,,
5571,14,,
5572,14,,
5573,16,,
5575,13,,
5576,16,,
5577,10,,
5579,10,,
5580,25,,
5582,11,,
5583,16,,
5584,11,,
5585,9,,
5586,22,,
5587,23,,
5588,12,,
5589,18,,
5591,9,,
5592,14,,
5593,14,,
5594,13,,
5595,10,,
5597,11,,
5598,12,,
5599,14,,
5600,12,,
5601,11,,
5602,17,,
5603,12,,
5604,14,,
5605,10,,
5607,10,,
5608,24,,
5610,13,,
5611,13,,
5612,14,,
5613,19,,
5614,19,,
5615,18,,
5616,14,,
5617,15,,
5618,11,,
5619,22,,
5622,12,,
5623,14,,
5624,14,,
5626,15,,
5628,17,,
5629,15,,
5630,19,,
5631,29,,
5632,10,,
5634,12,,
5636,14,,
5637,10,,
5638,16,,
5640,21,,
5641,12,,
5642,17,,
5643,16,,
5645,14,,
5646,15,,
5650,12,,
5651,12,,
5652,12,,
5653,14,,
5654,14,,
5655,14,,
5658,14,,
5660,10,,
5661,12,,
5662,14,,
5663,15,,
5664,12,,
5665,18,,
5666,18,,
5668,16,,
5669,14,,
5670,20,,
5671,31,,
5672,10,,
5673,11,,
5674,16,,
5675,15,,
5676,15,,
5677,12,,
5678,14,,
5679,18,,
5680,13,,
5681,14,,
5682,10,,
5683,10,,
5684,17,,
5685,20,,
5686,10,,
5687,18,,
5688,13,,
5689,9,,
5690,14,,
5691,14,,
5692,18,,
5693,12,,
5694,10,,
5695,16,,
5696,12,,
5697,15,,
5699,14,,
5700,24,,
5701,18,,
5702,11,,
5703,10,,
5704,10,,
5705,23,,
5706,17,,
5707,14,,
5708,17,,
5709,11,,
5711,14,,
5712,16,,
5713,21,,
5714,12,,
5715,10,,
5716,15,,
5717,12,,
5719,14,,
5722,14,,
5723,12,,
5724,11,,
5725,14,,
5726,16,,
5728,19,,
5730,34,,
5731,15,,
5732,10,,
5733,16,,
5734,17,,
5735,14,,
5736,10,,
5737,11,,
5738,17,,
5739,15,,
5740,16,,
5741,9,,
5742,15,,
5743,14,,
5744,12,,
5746,21,,
5747,12,,
5749,24,,
5750,16,,
5751,16,,
5752,12,,
5753,16,,
5754,17,,
5755,12,,
5756,11,,
5757,12,,
5759,14,,
5760,10,,
5761,16,,
5762,12,,
5765,12,,
5766,14,,
5768,15,,
5769,10,,
5770,10,,
5771,16,,
5772,13,,
5773,13,,
5774,10,,
5775,19,,
5776,10,,
5777,13,,
5778,10,,
5779,13,,
5780,12,,
5781,16,,
5782,11,,
5783,12,,
5784,14,,
5785,9,,
5786,18,,
5788,24,,
5789,8,,
5790,9,,
5791,16,,
5792,25,,
5793,14,,
5794,24,,
5795,12,,
5796,14,,
5797,18,,
5798,21,,
5799,22,,
5800,14,,
5801,23,,
5802,10,,
5803,17,,
5804,19,,
5805,12,,
5806,18,,
5807,14,,
5809,15,,
5810,10,,
5811,16,,
5812,13,,
5813,13,,
5814,8,,
5815,13,,
5816,16,,
5817,11,,
5818,12,,
5819,8,,
5820,24,,
5821,12,,
5822,11,,
5823,8,,
5824,18,,
5826,10,,
5827,16,,
5828,18,,
5829,10,,
5830,15,,
5831,13,,
5832,8,,
5833,8,,
5834,14,,
5835,16,,
5836,16,,
5837,14,,
5838,23,,
5839,20,,
5840,15,,
5841,8,,
5842,8,,
5843,14,,
5844,12,,
5845,10,,
5846,17,,
5847,16,,
5848,10,,
5849,11,,
5850,14,,
5851,9,,
5852,14,,
5853,12,,
5854,14,,
5855,18,,
5856,11,,
5857,18,,
5858,14,,
5859,12,,
5861,18,,
5862,17,,
5863,12,,
5865,23,,
5866,8,,
5867,14,,
5868,10,,
5869,14,,
5870,12,,
5871,18,,
5872,20,,
5873,37,,
5874,9,,
5875,16,,
5876,12,,
5878,16,,
5879,17,,
5881,27,,
5882,26,,
5883,26,,
5885,10,,
5886,14,,
5887,12,,
5889,10,,
5890,15,,
5891,14,,
5893,8,,
5895,17,,
5896,12,,
5897,9,,
5898,14,,
5902,11,,
5903,15,,
5904,12,,
5905,23,,
5906,24,,
5908,12,,
5909,12,,
5912,14,,
5914,10,,
5915,12,,
5916,12,,
5917,17,,
5918,9,,
5919,12,,
5921,14,,
5922,12,,
5923,14,,
5924,14,,
5925,13,,
5927,12,,
5928,23,,
5929,23,,
5931,10,,
5932,10,,
5933,12,,
5935,16,,
5936,13,,
5937,12,,
5938,15,,
5939,14,,
5940,14,,
5941,12,,
5942,11,,
5943,22,,
5944,10,,
5945,19,,
5947,14,,
5948,10,,
5949,21,,
5950,10,,
5951,12,,
5952,17,,
5953,10,,
5954,16,,
5955,13,,
5956,12,,
5959,18,,
5961,12,,
5962,15,,
5963,23,,
5964,19,,
5965,10,,
5966,24,,
5967,15,,
5968,12,,
5969,12,,
5970,15,,
5971,13,,
5972,9,,
5973,14,,
5974,17,,
5975,15,,
5978,12,,
5979,10,,
5980,12,,
5981,13,,
5983,9,,
5984,13,,
5986,15,,
5987,14,,
5988,15,,
5989,10,,
5990,13,,
5993,14,,
5994,11,,
5996,13,,
5997,13,,
5998,13,,
5999,13,,
6002,12,,
6003,12,,
6004,10,,
6005,19,,
6006,12,,
6007,10,,
6008,13,,
6009,12,,
6010,15,,
6011,11,,
6012,14,,
6014,10,,
6015,13,,
6016,13,,
6017,10,,
6018,12,,
6022,14,,
6024,14,,
6025,18,,
6026,27,,
6028,21,,
6029,13,,
6030,12,,
6031,12,,
6032,10,,
6034,10,,
6035,15,,
6036,14,,
6038,9,,
6039,10,,
6040,14,,
6042,11,,
6043,14,,
6044,12,,
6045,12,,
6046,12,,
6047,15,,
6048,13,,
6049,14,,
6050,14,,
6051,13,,
6053,13,,
6054,19,,
6055,12,,
6056,15,,
6057,8,,
6058,15,,
6059,10,,
6060,10,,
6061,12,,
6062,12,,
6063,11,,
6064,11,,
6066,15,,
6067,15,,
6068,9,,
6069,25,,
6070,12,,
6071,14,,
6073,18,,
6074,16,,
6076,16,,
6077,17,,
6080,12,,
6082,18,,
6083,10,,
6085,12,,
6086,10,,
6087,17,,
6088,12,,
6089,22,,
6090,11,,
6091,12,,
6092,17,,
6093,16,,
6094,13,,
6095,11,,
6096,11,,
6099,14,,
6100,14,,
6101,14,,
6102,15,,
6103,18,,
6104,12,,
6105,12,,
6109,11,,
6110,13,,
6112,28,,
6113,13,,
6114,21,,
6115,12,,
6116,22,,
6118,12,,
6119,15,,
6120,23,,
6121,10,,
6122,10,,
6123,14,,
6125,13,,
6126,12,,
6128,10,,
6129,10,,
6130,15,,
6131,13,,
6134,18,,
6135,12,,
6136,10,,
6137,12,,
6140,13,,
6141,10,,
6142,9,,
6143,15,,
6144,10,,
6145,10,,
6148,12,,
6149,12,,
6150,14,,
6151,15,,
6152,9,,
6153,20,,
6154,16,,
6155,19,,
6157,11,,
6158,12,,
6160,12,,
6161,8,,
6163,19,,
6164,12,,
6166,9,,
6167,10,,
6168,13,,
6169,22,,
6170,26,,
6171,8,,
6174,13,,
6175,10,,
6176,18,,
6179,13,,
6180,11,,
6181,15,,
6183,9,,
6184,13,,
6185,12,,
6186,17,,
6187,10,,
6188,12,,
6189,11,,
6190,10,,
6191,14,,
6192,9,,
6193,14,,
6194,18,,
6195,8,,
6196,11,,
6197,11,,
6198,11,,
6199,11,,
6201,13,,
6202,11,,
6203,17,,
6204,13,,
6207,12,,
6208,8,,
6209,12,,
6210,10,,
6212,11,,
6215,11,,
6216,11,,
6217,18,,
6218,16,,
6220,13,,
6221,21,,
6222,13,,
6223,17,,
6224,15,,
6225,11,,
6227,15,,
6228,14,,
6229,19,,
6230,21,,
6232,12,,
6233,11,,
6234,14,,
6235,17,,
6236,12,,
6237,14,,
6238,12,,
6240,14,,
6241,17,,
6244,12,,
6246,21,,
6247,13,,
6248,17,,
6249,12,,
6253,8,,
6255,12,,
6257,10,,
6258,12,,
6261,15,,
6262,20,,
6263,18,,
6264,12,,
6265,12,,
6266,16,,
6267,13,,
6268,13,,
6269,13,,
6270,10,,
6272,17,,
6274,10,,
6275,15,,
6276,13,,
6277,16,,
6278,10,,
6279,12,,
6280,12,,
6281,8,,
6282,14,,
6283,12,,
6284,10,,
6287,16,,
6288,19,,
6289,14,,
6290,12,,
6295,13,,
6297,22,,
6298,11,,
6299,18,,
6300,11,,
6301,14,,
6303,9,,
6304,14,,
6305,14,,
6306,13,,
6307,18,,
6308,12,,
6310,23,,
6313,17,,
6314,10,,
6315,15,,
6316,14,,
6317,16,,
6318,12,,
6319,14,,
6320,16,,
6322,15,,
6323,12,,
6324,8,,
6325,12,,
6326,14,,
6329,13,,
6330,19,,
6331,14,,
6333,23,,
6334,14,,
6335,13,,
6337,10,,
6338,11,,
6339,11,,
6340,13,,
6341,17,,
6342,19,,
6343,13,,
6344,18,,
6345,11,,
6346,9,,
6348,16,,
6349,15,,
6350,16,,
6352,9,,
6353,13,,
6354,19,,
6355,19,,
6356,9,,
6357,11,,
6360,12,,
6361,20,,
6362,13,,
6363,12,,
6365,13,,
6366,13,,
6367,8,,
6368,12,,
6369,15,,
6370,10,,
6372,10,,
6373,12,,
6374,12,,
6375,10,,
6376,15,,
6377,11,,
6378,13,,
6379,11,,
6380,9,,
6382,10,,
6383,15,,
6384,20,,
6386,12,,
6387,10,,
6388,10,,
6389,11,,
6391,12,,
6392,15,,
6393,12,,
6394,11,,
6395,13,,
6397,14,,
6398,14,,
6401,14,,
6403,15,,
6404,8,,
6405,8,,
6406,10,,
6408,18,,
6409,11,,
6411,14,,
6412,16,,
6413,14,,
6414,17,,
6415,20,,
6416,16,,
6418,12,,
6419,14,,
6421,16,,
6422,14,,
6423,9,,
6424,14,,
6425,9,,
6426,14,,
6428,16,,
6429,13,,
6430,10,,
6431,12,,
6432,16,,
6433,19,,
6434,17,,
6435,11,,
6436,13,,
6437,13,,
6438,9,,
6439,8,,
6440,21,,
6442,13,,
6443,12,,
6444,12,,
6445,11,,
6446,8,,
6447,12,,
6448,15,,
6449,12,,
6451,14,,
6452,13,,
6453,17,,
6454,13,,
6455,13,,
6456,13,,
6457,20,,
6458,8,,
6460,13,,
6462,17,,
6464,14,,
6465,12,,
6467,27,,
6468,13,,
6469,14,,
6472,11,,
6474,19,,
6475,19,,
6476,14,,
6477,8,,
6478,15,,
6479,10,,
6480,13,,
6481,15,,
6483,16,,
6484,9,,
6485,10,,
6486,13,,
6487,10,,
6488,16,,
6489,15,,
6490,12,,
6491,14,,
6493,14,,
6495,15,,
6496,21,,
6497,16,,
6498,13,,
6500,8,,
6501,18,,
6502,19,,
6503,15,,
6505,10,,
6506,16,,
6507,9,,
6508,11,,
6509,15,,
6510,20,,
6511,14,,
6512,16,,
6513,15,,
6514,22,,
6516,14,,
6517,12,,
6519,18,,
6520,14,,
6521,16,,
6522,12,,
6523,8,,
6524,15,,
6525,10,,
6526,10,,
6528,12,,
6529,12,,
6530,13,,
6531,18,,
6532,17,,
6533,13,,
6534,10,,
6535,12,,
6536,11,,
6537,13,,
6538,14,,
6539,10,,
6540,13,,
6541,10,,
6542,11,,
6543,12,,
6545,13,,
6546,16,,
6547,12,,
6548,11,,
6549,21,,
6550,13,,
6551,13,,
6552,12,,
6553,12,,
6554,17,,
6556,11,,
6557,16,,
6558,10,,
6559,11,,
6560,14,,
6561,26,,
6562,16,,
6563,12,,
6564,15,,
6565,12,,
6566,10,,
6567,13,,
6568,18,,
6570,13,,
6572,14,,
6576,19,,
6577,24,,
6578,15,,
6579,10,,
6580,10,,
6581,10,,
6582,10,,
6585,11,,
6587,20,,
6588,14,,
6591,8,,
6593,13,,
6594,11,,
6595,11,,
6596,10,,
6597,14,,
6600,16,,
6601,11,,
6602,17,,
6603,15,,
6604,28,,
6605,16,,
6606,12,,
6607,15,,
6608,13,,
6609,14,,
6610,16,,
6613,13,,
6614,10,,
6615,14,,
6616,12,,
6619,15,,
6621,10,,
6622,10,,
6623,12,,
6624,9,,
6625,13,,
6626,14,,
6627,16,,
6628,15,,
6629,18,,
6633,12,,
6634,13,,
6636,12,,
6637,10,,
6638,11,,
6639,11,,
6640,8,,
6641,15,,
6642,13,,
6643,16,,
6644,10,,
6645,14,,
6646,16,,
6647,8,,
6648,12,,
6649,13,,
6650,14,,
6651,13,,
6652,13,,
6653,11,,
6654,15,,
6655,10,,
6656,15,,
6657,13,,
6658,11,,
6660,13,,
6663,11,,
6664,10,,
6666,12,,
6668,11,,
6669,13,,
6671,12,,
6672,13,,
6676,10,,
6677,12,,
6678,10,,
6679,15,,
6680,9,,
6681,12,,
6682,13,,
6683,14,,
6685,14,,
6686,19,,
6687,10,,
6688,13,,
6689,10,,
6690,11,,
6691,18,,
6693,12,,
6694,16,,
6695,18,,
6697,10,,
6698,15,,
6699,8,,
6700,12,,
6701,14,,
6702,16,,
6703,11,,
6704,12,,
6705,10,,
6706,14,,
6707,16,,
6708,14,,
6709,10,,
6710,11,,
6711,12,,
6712,12,,
6713,16,,
6715,15,,
6716,11,,
6717,10,,
6718,10,,
6719,11,,
6720,24,,
6721,22,,
6723,13,,
6724,13,,
6726,15,,
6729,11,,
6730,18,,
6731,18,,
6732,11,,
6733,10,,
6738,15,,
6739,10,,
6740,10,,
6741,14,,
6742,21,,
6743,12,,
6744,15,,
6746,8,,
6748,11,,
6749,13,,
6752,9,,
6753,16,,
6754,10,,
6755,13,,
6756,19,,
6758,12,,
6759,9,,
6761,14,,
6762,10,,
6764,15,,
6765,10,,
6766,10,,
6767,14,,
6768,17,,
6770,12,,
6772,13,,
6773,20,,
6774,8,,
6775,8,,
6776,10,,
6777,8,,
6778,16,,
6779,10,,
6780,11,,
6781,15,,
6782,15,,
6783,9,,
6784,15,,
6785,10,,
6786,11,,
6787,14,,
6788,12,,
6790,15,,
6792,12,,
6795,12,,
6797,16,,
6798,15,,
6800,19,,
6801,15,,
6802,14,,
6803,13,,
6804,14,,
6805,16,,
6809,10,,
6811,11,,
6814,10,,
6815,14,,
6816,11,,
6817,16,,
6818,19,,
6819,12,,
6820,10,,
6821,8,,
6822,14,,
6823,17,,
6824,21,,
6826,16,,
6827,11,,
6828,18,,
6829,11,,
6830,8,,
6831,10,,
6832,17,,
6833,8,,
6834,11,,
6835,19,,
6836,15,,
6837,10,,
6838,25,,
6839,16,,
6840,14,,
6841,18,,
6842,14,,
6843,12,,
6844,18,,
6845,12,,
6846,15,,
6847,12,,
6848,22,,
6849,22,,
6850,14,,
6851,13,,
6852,13,,
6854,12,,
6855,10,,
6856,12,,
6858,10,,
6859,14,,
6861,11,,
6862,11,,
6863,16,,
6865,16,,
6866,12,,
6867,18,,
6868,14,,
6869,16,,
6870,14,,
6871,14,,
6873,16,,
6874,16,,
6875,12,,
6880,9,,
6881,8,,
6883,11,,
6884,16,,
6885,10,,
6886,13,,
6887,15,,
6889,13,,
6890,21,,
6891,29,,
6892,8,,
6893,22,,
6896,10,,
6897,14,,
6898,10,,
6900,12,,
6901,8,,
6902,12,,
6903,26,,
6904,12,,
6905,8,,
6906,10,,
6907,23,,
6908,10,,
6909,16,,
6911,16,,
6912,13,,
6913,10,,
6914,10,,
6916,10,,
6917,11,,
6918,11,,
6919,13,,
6920,23,,
6921,9,,
6922,20,,
6925,14,,
6926,8,,
6929,12,,
6931,10,,
6932,12,,
6933,10,,
6936,14,,
6937,14,,
6938,8,,
6939,10,,
6940,8,,
6942,9,,
6943,13,,
6944,8,,
6946,10,,
6947,12,,
6948,12,,
6949,9,,
6950,14,,
6951,16,,
6952,11,,
6956,13,,
6957,12,,
6958,13,,
6959,11,,
6960,13,,
6961,12,,
6962,16,,
6963,21,,
6966,10,,
6967,12,,
6968,10,,
6969,10,,
6970,12,,
6971,10,,
6973,13,,
6974,10,,
6975,18,,
6978,9,,
6979,10,,
6980,12,,
6981,16,,
6982,8,,
6983,14,,
6984,10,,
6985,10,,
6986,14,,
6987,11,,
6988,13,,
6989,14,,
6991,10,,
6992,10,,
6993,19,,
6994,14,,
6995,12,,
6996,8,,
6997,13,,
7000,8,,
7001,12,,
7002,16,,
7003,19,,
7004,14,,
7008,12,,
7009,10,,
7010,12,,
7011,14,,
7012,12,,
7013,11,,
7015,11,,
7016,11,,
7017,11,,
7018,14,,
7019,13,,
7020,11,,
7021,10,,
7023,15,,
7024,22,,
7025,10,,
7029,29,,
7030,10,,
7031,16,,
7032,14,,
7033,13,,
7034,15,,
7035,8,,
7036,10,,
7037,8,,
7038,13,,
7039,10,,
7040,12,,
7041,15,,
7042,11,,
7043,15,,
7044,14,,
7045,12,,
7047,10,,
7049,12,,
7050,11,,
7051,24,,
7052,15,,
7053,14,,
7054,9,,
7056,14,,
7057,10,,
7058,11,,
7059,13,,
7060,12,,
7063,10,,
7065,14,,
7066,11,,
7067,8,,
7070,13,,
7072,14,,
7073,13,,
7074,18,,
7075,15,,
7077,16,,
7078,14,,
7079,10,,
7080,18,,
7081,20,,
7082,10,,
7083,13,,
7084,13,,
7085,14,,
7086,17,,
7087,8,,
7088,10,,
7089,8,,
7090,13,,
7091,18,,
7092,13,,
7093,14,,
7094,20,,
7095,10,,
7096,10,,
7097,13,,
7099,11,,
7100,16,,
7101,14,,
7102,22,,
7103,11,,
7104,10,,
7105,13,,
7106,8,,
7112,14,,
7113,14,,
7114,15,,
7115,21,,
7116,16,,
7117,15,,
7118,8,,
7119,12,,
7120,9,,
7121,16,,
7123,16,,
7124,13,,
7125,10,,
7126,11,,
7127,22,,
7128,11,,
7130,10,,
7131,9,,
7133,10,,
7134,10,,
7135,12,,
7136,13,,
7137,11,,
7138,10,,
7139,13,,
7141,12,,
7142,9,,
7143,20,,
7144,14,,
7145,14,,
7146,11,,
7147,10,,
7148,11,,
7152,9,,
7153,15,,
7154,15,,
7155,8,,
7156,10,,
7158,12,,
7159,15,,
7162,14,,
7163,8,,
7164,17,,
7165,12,,
7166,11,,
7167,10,,
7168,9,,
7169,16,,
7170,10,,
7171,11,,
7172,13,,
7173,18,,
7174,19,,
7175,18,,
7176,10,,
7177,10,,
7178,14,,
7179,10,,
7180,8,,
7184,13,,
7185,10,,
7186,15,,
7187,10,,
7188,8,,
7189,15,,
7190,10,,
7191,10,,
7192,12,,
7193,8,,
7195,26,,
7196,10,,
7199,14,,
7200,10,,
7201,9,,
7202,14,,
7203,10,,
7206,13,,
7208,16,,
7209,19,,
7210,13,,
7211,13,,
7212,9,,
7213,17,,
7214,12,,
7215,14,,
7216,11,,
7217,8,,
7218,10,,
7220,11,,
7223,8,,
7225,12,,
7228,11,,
7229,13,,
7231,12,,
7234,10,,
7235,9,,
7236,10,,
7237,9,,
7241,9,,
7242,10,,
7243,12,,
7244,11,,
7247,8,,
7248,11,,
7249,15,,
7250,10,,
7251,10,,
7253,12,,
7254,12,,
7255,10,,
7256,8,,
7257,10,,
7258,15,,
7259,16,,
7260,13,,
7261,13,,
7262,16,,
7263,10,,
7264,12,,
7265,14,,
7266,12,,
7267,18,,
7268,13,,
7269,14,,
7270,10,,
7271,13,,
7272,10,,
7273,16,,
7274,12,,
7275,10,,
7276,27,,
7278,17,,
7279,10,,
7280,12,,
7282,11,,
7283,13,,
7284,22,,
7285,10,,
7286,11,,
7289,10,,
7290,8,,
7292,15,,
7293,9,,
7294,11,,
7296,10,,
7297,13,,
7298,14,,
7299,8,,
7301,12,,
7302,9,,
7303,13,,
7304,14,,
7305,16,,
7306,10,,
7307,14,,
7308,11,,
7310,8,,
7311,13,,
7312,16,,
7315,11,,
7319,15,,
7320,10,,
7321,11,,
7322,12,,
7323,12,,
7324,18,,
7325,17,,
7326,12,,
7327,13,,
7329,20,,
7333,15,,
7334,10,,
7335,10,,
7336,25,,
7337,12,,
7338,10,,
7339,12,,
7340,11,,
7341,16,,
7342,15,,
7343,11,,
7344,19,,
7345,12,,
7346,11,,
7347,12,,
7348,12,,
7349,14,,
7350,13,,
7351,12,,
7352,14,,
7353,10,,
7354,8,,
7355,14,,
7356,13,,
7357,14,,
7358,14,,
7359,8,,
7360,12,,
7361,9,,
7362,12,,
7363,13,,
7364,12,,
7365,14,,
7366,11,,
7367,9,,
7368,9,,
7369,13,,
7370,14,,
7371,12,,
7372,13,,
7373,11,,
7376,12,,
7377,13,,
7382,10,,
7383,9,,
7384,13,,
7386,9,,
7387,12,,
7388,9,,
7389,8,,
7390,10,,
7391,14,,
7392,9,,
7393,11,,
7394,9,,
7395,12,,
7396,10,,
7398,11,,
7399,9,,
7400,10,,
7402,8,,
7403,14,,
7404,11,,
7405,18,,
7406,13,,
7407,14,,
7408,12,,
7409,11,,
7410,10,,
7411,11,,
7412,15,,
7413,13,,
7414,17,,
7415,10,,
7416,16,,
7417,12,,
7418,11,,
7419,12,,
7424,11,,
7426,10,,
7427,13,,
7428,9,,
7429,10,,
7430,25,,
7431,13,,
7432,8,,
7433,10,,
7434,14,,
7435,12,,
7436,15,,
7437,10,,
7438,9,,
7439,14,,
7440,8,,
7441,14,,
7442,13,,
7443,9,,
7444,14,,
7445,15,,
7446,8,,
7447,8,,
7448,12,,
7449,11,,
7450,8,,
7451,14,,
7452,18,,
7453,14,,
7454,12,,
7455,18,,
7456,16,,
7457,11,,
7458,17,,
7459,8,,
7460,22,,
7461,11,,
7462,10,,
7463,12,,
7464,10,,
7465,9,,
7466,8,,
7467,14,,
7468,14,,
7469,15,,
7470,10,,
7471,10,,
7472,8,,
7473,12,,
7474,15,,
7475,32,,
7476,10,,
7478,14,,
7479,10,,
7480,19,,
7481,11,,
7482,17,,
7483,10,,
7484,20,,
7485,16,,
7486,20,,
7487,14,,
7489,18,,
7490,8,,
7491,11,,
7492,15,,
7493,10,,
7494,13,,
7495,10,,
7496,10,,
7497,11,,
7498,11,,
7499,9,,
7500,14,,
7502,16,,
7503,15,,
7506,21,,
7507,10,,
7508,15,,
7509,10,,
7510,12,,
7511,15,,
7512,12,,
7513,15,,
7514,10,,
7515,16,,
7516,16,,
7517,14,,
7518,13,,
7519,13,,
7520,14,,
7522,11,,
7523,14,,
7524,10,,
7525,11,,
7526,8,,
7527,14,,
7528,11,,
7531,14,,
7532,13,,
7533,16,,
7534,11,,
7535,16,,
7536,12,,
7537,15,,
7538,16,,
7539,12,,
7540,15,,
7541,12,,
7542,12,,
7543,10,,
7544,10,,
7545,11,,
7546,10,,
7547,13,,
7548,16,,
7549,13,,
7550,10,,
7551,11,,
7552,16,,
7553,21,,
7554,12,,
7555,10,,
7557,14,,
7558,16,,
7559,10,,
7560,10,,
7561,12,,
7562,10,,
7563,10,,
7564,11,,
7565,14,,
7566,9,,
7567,14,,
7568,10,,
7569,8,,
7570,12,,
7571,10,,
7572,22,,
7573,15,,
7574,21,,
7575,16,,
7576,14,,
7578,10,,
7579,10,,
7581,13,,
7583,13,,
7584,12,,
7585,13,,
7588,16,,
7590,13,,
7592,27,,
7593,8,,
7594,15,,
7595,20,,
7597,17,,
7600,14,,
7601,18,,
7602,17,,
7604,11,,
7605,18,,
7606,9,,
7607,12,,
7609,12,,
7610,13,,
7611,12,,
7614,10,,
7615,16,,
7616,18,,
7617,16,,
7618,10,,
7619,23,,
7620,11,,
7621,13,,
7622,18,,
7623,10,,
7624,19,,
7625,10,,
7626,11,,
7627,11,,
7628,14,,
7630,10,,
7632,15,,
7633,11,,
7634,27,,
7635,21,,
7636,8,,
7638,12,,
7640,11,,
7642,15,,
7643,8,,
7644,15,,
7646,13,,
7647,15,,
7648,16,,
7649,12,,
7650,19,,
7651,12,,
7653,14,,
7656,11,,
7657,10,,
7658,13,,
7659,16,,
7660,8,,
7661,14,,
7662,8,,
7663,19,,
7664,16,,
7665,12,,
7666,11,,
7667,15,,
7668,16,,
7669,12,,
7670,10,,
7671,10,,
7672,13,,
7673,10,,
7674,15,,
7675,13,,
7676,20,,
7677,14,,
7678,19,,
7679,10,,
7683,12,,
7684,8,,
7685,15,,
7686,15,,
7687,17,,
7688,11,,
7689,14,,
7690,10,,
7691,13,,
7692,17,,
7693,11,,
7694,14,,
7695,12,,
7696,13,,
7697,12,,
7698,10,,
7699,11,,
7700,15,,
7701,10,,
7702,9,,
7703,13,,
7704,12,,
7705,15,,
7706,15,,
7707,14,,
7708,14,,
7709,10,,
7710,15,,
7711,9,,
7712,9,,
7713,14,,
7714,13,,
7715,14,,
7716,16,,
7718,15,,
7719,13,,
7720,13,,
7721,13,,
7723,17,,
7724,11,,
7726,15,,
7728,12,,
7729,14,,
7730,12,,
7731,9,,
7732,8,,
7733,14,,
7735,15,,
7736,12,,
7737,15,,
7738,12,,
7741,23,,
7743,12,,
7745,19,,
7746,12,,
7747,11,,
7748,14,,
7749,12,,
7750,13,,
7751,10,,
7752,12,,
7753,12,,
7754,12,,
7755,11,,
7757,18,,
7758,13,,
7759,13,,
7760,12,,
7761,11,,
7762,10,,
7763,12,,
7764,12,,
7765,11,,
7766,12,,
7767,11,,
7768,10,,
7769,13,,
7770,13,,
7771,28,,
7772,10,,
7773,11,,
7774,14,,
7775,12,,
7776,12,,
7777,19,,
7778,14,,
7779,9,,
7780,14,,
7781,15,,
7782,21,,
7784,17,,
7785,12,,
7786,21,,
7787,12,,
7788,16,,
7791,9,,
7792,11,,
7793,12,,
7794,15,,
7795,12,,
7797,14,,
7798,12,,
7799,19,,
7800,13,,
7801,10,,
7802,10,,
7803,14,,
7804,13,,
7805,13,,
7806,14,,
7807,25,,
7808,25,,
7809,13,,
7810,12,,
7811,9,,
7812,13,,
7815,19,,
7816,14,,
7817,14,,
7819,14,,
7820,14,,
7821,16,,
7822,10,,
7823,13,,
7824,12,,
7825,12,,
7826,10,,
7827,13,,
7828,12,,
7830,12,,
7831,11,,
7832,15,,
7833,12,,
7834,12,,
7835,11,,
7836,12,,
7837,8,,
7838,10,,
7839,10,,
7840,10,,
7841,16,,
7842,13,,
7843,19,,
7845,20,,
7846,13,,
7847,20,,
7849,11,,
7850,13,,
7851,14,,
7852,14,,
7853,14,,
7854,12,,
7855,11,,
7856,16,,
7857,12,,
7858,19,,
7860,17,,
7861,12,,
7862,13,,
7863,18,,
7864,16,,
7865,12,,
7866,15,,
7867,11,,
7868,10,,
7869,19,,
7870,10,,
7871,11,,
7872,12,,
7873,16,,
7875,11,,
7876,12,,
7877,14,,
7878,12,,
7879,16,,
7883,8,,
7884,15,,
7885,9,,
7886,12,,
7887,12,,
7888,10,,
7890,9,,
7893,12,,
7897,10,,
7899,9,,
7900,29,,
7901,18,,
7904,8,,
7905,15,,
7906,12,,
7907,12,,
7908,11,,
7909,19,,
7910,13,,
7911,12,,
7912,12,,
7913,15,,
7914,13,,
7915,10,,
7916,9,,
7917,13,,
7918,15,,
7919,12,,
7920,20,,
7922,9,,
7923,14,,
7924,14,,
7925,10,,
7926,13,,
7929,16,,
7930,12,,
7931,13,,
7934,11,,
7936,14,,
7937,11,,
7938,12,,
7940,15,,
7941,14,,
7942,14,,
7943,14,,
7944,9,,
7945,15,,
7946,18,,
7947,11,,
7948,19,,
7949,16,,
7951,12,,
7952,10,,
7953,14,,
7954,18,,
7955,18,,
7957,13,,
7958,14,,
7959,12,,
7960,10,,
7961,16,,
7963,10,,
7965,15,,
7966,16,,
7969,12,,
7970,14,,
7971,15,,
7972,15,,
7973,9,,
7978,14,,
7979,15,,
7980,16,,
7981,13,,
7982,8,,
7988,11,,
7989,8,,
7991,14,,
7994,16,,
7995,24,,
7996,10,,
7997,8,,
7998,14,,
7999,10,,
8002,11,,
8003,12,,
8005,24,,
8006,8,,
8007,12,,
8008,17,,
8009,14,,
8010,14,,
8011,16,,
8013,12,,
8014,14,,
8015,12,,
8016,22,,
8017,13,,
8018,19,,
8019,10,,
8021,13,,
8023,8,,
8024,10,,
8025,13,,
8026,11,,
8027,12,,
8028,11,,
8029,11,,
8030,13,,
8031,18,,
8032,19,,
8033,13,,
8034,10,,
8035,12,,
8036,14,,
8037,10,,
8038,11,,
8039,18,,
8040,24,,
8041,10,,
8042,11,,
8043,12,,
8044,9,,
8045,24,,
8046,12,,
8047,19,,
8048,17,,
8051,17,,
8053,10,,
8054,12,,
8056,11,,
8057,10,,
8058,11,,
8059,16,,
8060,23,,
8061,11,,
8062,13,,
8063,20,,
8064,16,,
8065,23,,
8066,15,,
8067,13,,
8068,13,,
8069,14,,
8071,14,,
8073,11,,
8074,13,,
8075,15,,
8076,12,,
8077,18,,
8078,12,,
8079,16,,
8081,20,,
8082,17,,
8083,16,,
8085,12,,
8086,13,,
8089,14,,
8091,13,,
8092,13,,
8093,13,,
8094,18,,
8095,13,,
8099,12,,
8100,15,,
8101,15,,
8104,10,,
8105,14,,
8106,13,,
8107,13,,
8108,17,,
8109,10,,
8110,14,,
8111,13,,
8112,15,,
8113,9,,
8114,14,,
8115,16,,
8116,10,,
8119,14,,
8120,11,,
8121,8,,
8122,10,,
8123,23,,
8124,19,,
8125,10,,
8128,13,,
8131,13,,
8132,10,,
8133,8,,
8134,13,,
8135,13,,
8136,14,,
8137,19,,
8138,10,,
8139,14,,
8140,10,,
8141,11,,
8143,11,,
8144,8,,
8145,13,,
8146,16,,
8147,8,,
8149,13,,
8150,9,,
8152,10,,
8153,11,,
8154,8,,
8156,18,,
8157,16,,
8161,12,,
8183,12,,
8184,14,,
8185,15,,
8186,11,,
8187,13,,
8189,16,,
8190,10,,
8191,13,,
8192,13,,
8194,12,,
8196,17,,
8200,12,,
8201,12,,
8202,15,,
8204,9,,
8205,10,,
8206,15,,
8207,9,,
8210,22,,
8211,12,,
8212,8,,
8213,15,,
8215,10,,
8216,10,,
8217,19,,
8219,15,,
8220,9,,
8221,15,,
8226,8,,
8228,10,,
8230,14,,
8231,10,,
8232,16,,
8233,13,,
8234,16,,
8235,11,,
8241,17,,
8242,12,,
8243,13,,
8244,10,,
8245,16,,
8246,10,,
8247,11,,
8248,10,,
8249,18,,
8251,12,,
8252,18,,
8253,12,,
8254,8,,
8255,13,,
8256,10,,
8257,12,,
8258,10,,
8259,13,,
8260,12,,
8261,15,,
8262,16,,
8264,14,,
8265,17,,
8266,13,,
8267,13,,
8268,12,,
8269,13,,
8270,20,,
8271,9,,
8276,10,,
8278,24,,
8279,10,,
8280,12,,
8281,8,,
8282,10,,
8283,15,,
8284,12,,
8285,9,,
8287,12,,
8288,10,,
8289,21,,
8290,14,,
8291,18,,
8292,12,,
8293,12,,
8294,22,,
8295,11,,
8296,12,,
8297,11,,
8298,10,,
8299,14,,
8300,14,,
8301,13,,
8302,14,,
8303,11,,
8304,15,,
8306,12,,
8307,12,,
8308,15,,
8309,12,,
8312,14,,
8317,12,,
8318,12,,
8319,10,,
8323,14,,
8324,17,,
8325,10,,
8326,19,,
8327,13,,
8328,13,,
8329,14,,
8331,11,,
8337,19,,
8338,15,,
8339,9,,
8340,10,,
8344,10,,
8346,12,,
8349,14,,
8350,15,,
8351,17,,
8352,10,,
8353,23,,
8354,30,,
8356,22,,
8357,22,,
8358,24,,
8359,11,,
8360,16,,
8361,19,,
8362,11,,
8363,15,,
8365,8,,
8366,11,,
8367,9,,
8369,12,,
8370,16,,
8373,13,,
8374,11,,
8375,13,,
8376,13,,
8377,19,,
8380,11,,
8382,8,,
8384,10,,
8385,12,,
8386,10,,
8387,13,,
8391,17,,
8394,17,,
8396,12,,
8397,15,,
8398,10,,
8400,12,,
8401,16,,
8402,11,,
8405,13,,
8406,13,,
8407,11,,
8408,9,,
8409,10,,
8410,14,,
8411,12,,
8412,13,,
8413,12,,
8414,19,,
8415,24,,
8416,26,,
8417,17,,
8418,16,,
8419,22,,
8420,23,,
8421,32,,
8422,29,,
8423,14,,
8424,9,,
8426,23,,
8427,32,,
8428,15,,
8429,26,,
8431,8,,
8434,10,,
8435,18,,
8436,15,,
8437,11,,
8438,18,,
8439,12,,
8440,13,,
8441,17,,
8443,17,,
8444,10,,
8445,12,,
8446,15,,
8447,10,,
8448,15,,
8449,13,,
8450,12,,
8451,18,,
8453,13,,
8454,13,,
8455,14,,
8456,13,,
8457,10,,
8458,14,,
8459,16,,
8460,12,,
8462,17,,
8464,20,,
8465,12,,
8466,16,,
8467,15,,
8468,15,,
8469,13,,
8470,18,,
8471,10,,
8472,14,,
8473,16,,
8474,19,,
8475,12,,
8476,13,,
8477,15,,
8478,18,,
8479,14,,
8480,17,,
8481,12,,
8482,16,,
8485,10,,
8486,13,,
8487,15,,
8489,19,,
8492,16,,
8493,10,,
8494,15,,
8495,16,,
8496,12,,
8497,10,,
8498,13,,
8500,23,,
8501,12,,
8502,17,,
8503,15,,
8504,14,,
8505,13,,
8506,12,,
8507,8,,
8508,15,,
8509,13,,
8510,27,,
8511,12,,
8513,19,,
8514,9,,
8515,12,,
8516,22,,
8517,19,,
8520,29,,
8521,15,,
8522,12,,
8524,14,,
8526,15,,
8527,25,,
8528,10,,
8530,17,,
8531,18,,
8532,12,,
8533,8,,
8534,12,,
8535,16,,
8537,10,,
8540,11,,
8541,10,,
8542,14,,
8543,10,,
8544,14,,
8545,12,,
8546,9,,
8547,8,,
8548,19,,
8549,13,,
8550,10,,
8551,12,,
8552,9,,
8553,10,,
8554,10,,
8555,21,,
8556,11,,
8557,10,,
8558,22,,
8559,11,,
8560,12,,
8561,18,,
8563,9,,
8564,16,,
8565,12,,
8566,8,,
8568,11,,
8569,14,,
8571,14,,
8572,23,,
8573,10,,
8574,11,,
8575,13,,
8576,9,,
8577,11,,
8578,9,,
8579,16,,
8581,8,,
8582,12,,
8583,11,,
8584,9,,
8585,12,,
8587,14,,
8588,12,,
8589,13,,
8590,16,,
8592,14,,
8593,18,,
8594,14,,
8595,12,,
8596,10,,
8597,14,,
8598,12,,
8600,8,,
8601,12,,
8602,13,,
8603,17,,
8604,12,,
8605,22,,
8607,16,,
8608,30,,
8609,12,,
8610,14,,
8611,12,,
8612,17,,
8613,9,,
8614,12,,
8615,10,,
8616,20,,
8617,16,,
8618,20,,
8619,12,,
8620,14,,
8621,17,,
8624,12,,
8626,9,,
8628,11,,
8629,12,,
8630,16,,
8632,11,,
8633,14,,
8634,18,,
8635,13,,
8636,11,,
8642,8,,
8648,12,,
8649,14,,
8650,22,,
8651,19,,
8652,21,,
8653,10,,
8654,15,,
8655,10,,
8656,14,,
8657,13,,
8658,11,,
8659,13,,
8660,12,,
8661,14,,
8662,10,,
8663,15,,
8664,10,,
8665,13,,
8666,13,,
8667,20,,
8668,18,,
8669,11,,
8670,10,,
8671,11,,
8673,12,,
8674,10,,
8675,13,,
8676,14,,
8677,11,,
8679,10,,
8680,10,,
8681,15,,
8682,13,,
8683,11,,
8684,14,,
8685,14,,
8686,16,,
8687,10,,
8690,12,,
8691,13,,
8692,12,,
8694,13,,
8695,11,,
8696,11,,
8697,12,,
8698,13,,
8699,12,,
8700,15,,
8701,9,,
8702,10,,
8703,15,,
8704,13,,
8705,12,,
8706,11,,
8707,13,,
8708,14,,
8711,9,,
8712,19,,
8713,16,,
8714,12,,
8715,13,,
8716,13,,
8717,16,,
8718,12,,
8719,12,,
8720,10,,
8721,12,,
8722,9,,
8723,10,,
8724,10,,
8725,10,,
8726,8,,
8727,20,,
8728,13,,
8729,9,,
8730,10,,
8731,12,,
8734,19,,
8735,16,,
8736,12,,
8737,10,,
8738,15,,
8739,12,,
8740,10,,
8742,14,,
8743,12,,
8744,15,,
8746,12,,
8747,9,,
8748,10,,
8751,12,,
8752,12,,
8753,10,,
8754,17,,
8755,10,,
8758,11,,
8759,18,,
8760,14,,
8761,20,,
8762,14,,
8763,8,,
8764,11,,
8765,17,,
8766,12,,
8767,10,,
8768,10,,
8769,13,,
8770,19,,
8771,9,,
8772,14,,
8774,10,,
8775,13,,
8776,10,,
8777,10,,
8778,9,,
8779,10,,
8780,15,,
8781,12,,
8782,11,,
8783,11,,
8784,17,,
8786,11,,
8787,10,,
8788,17,,
8789,10,,
8790,10,,
8791,16,,
8792,10,,
8793,14,,
8795,13,,
8796,11,,
8797,10,,
8798,10,,
8799,14,,
8800,12,,
8801,11,,
8804,19,,
8805,12,,
8807,15,,
8808,20,,
8809,12,,
8810,15,,
8811,18,,
8814,15,,
8816,11,,
8817,15,,
8818,12,,
8819,11,,
8822,15,,
8823,13,,
8824,12,,
8825,14,,
8826,14,,
8827,11,,
8829,12,,
8830,18,,
8831,15,,
8832,15,,
8833,9,,
8834,18,,
8835,12,,
8836,8,,
8837,19,,
8838,16,,
8840,10,,
8841,16,,
8842,17,,
8843,10,,
8844,12,,
8845,13,,
8847,17,,
8848,15,,
8849,11,,
8850,10,,
8851,13,,
8852,10,,
8853,10,,
8854,12,,
8855,15,,
8856,12,,
8857,11,,
8858,13,,
8859,11,,
8860,9,,
8861,14,,
8862,14,,
8863,12,,
8864,12,,
8865,14,,
8866,14,,
8867,12,,
8868,17,,
8869,16,,
8871,11,,
8872,12,,
8873,14,,
8874,14,,
8875,13,,
8876,11,,
8879,10,,
8882,11,,
8883,8,,
8886,14,,
8887,16,,
8888,10,,
8889,12,,
8890,10,,
8891,14,,
8892,12,,
8893,10,,
8894,9,,
8897,13,,
8901,11,,
8902,10,,
8907,10,,
8908,12,,
8909,10,,
8910,15,,
8911,14,,
8914,10,,
8915,15,,
8916,9,,
8917,11,,
8918,11,,
8920,10,,
8921,14,,
8923,11,,
8924,10,,
8927,10,,
8929,14,,
8931,10,,
8932,16,,
8933,11,,
8935,13,,
8936,14,,
8937,10,,
8938,13,,
8939,11,,
8940,15,,
8941,11,,
8942,19,,
8943,13,,
8946,13,,
8947,12,,
8952,16,,
8954,14,,
8956,10,,
8959,10,,
8960,10,,
8961,9,,
8962,15,,
8964,13,,
8965,19,,
8966,8,,
8967,10,,
8968,12,,
8969,14,,
8970,12,,
8971,9,,
8972,10,,
8973,13,,
8974,13,,
8975,11,,
8976,17,,
8977,19,,
8978,14,,
8979,12,,
8981,9,,
8982,12,,
8983,10,,
8984,20,,
8985,17,,
8986,11,,
8987,15,,
8988,14,,
8989,18,,
8990,13,,
8991,12,,
8992,11,,
8993,10,,
8995,18,,
8996,16,,
8997,18,,
8998,16,,
8999,16,,
9000,11,,
9001,13,,
9002,14,,
9003,17,,
9004,9,,
9005,10,,
9006,9,,
9007,13,,
9008,10,,
9009,10,,
9010,10,,
9011,10,,
9013,20,,
9015,16,,
9016,13,,
9018,12,,
9019,14,,
9021,19,,
9024,8,,
9025,18,,
9026,13,,
9028,9,,
9029,18,,
9032,14,,
9033,21,,
9034,12,,
9035,12,,
9036,12,,
9037,18,,
9038,10,,
9039,16,,
9040,11,,
9041,15,,
9042,10,,
9043,10,,
9044,11,,
9045,16,,
9046,12,,
9047,11,,
9048,16,,
9049,14,,
9050,8,,
9051,13,,
9053,12,,
9054,10,,
9055,18,,
9056,14,,
9057,13,,
9058,13,,
9059,16,,
9060,16,,
9061,18,,
9062,10,,
9063,14,,
9064,10,,
9065,14,,
9066,24,,
9067,9,,
9068,13,,
9073,16,,
9074,13,,
9075,15,,
9076,16,,
9077,11,,
9078,10,,
9081,9,,
9082,9,,
9083,16,,
9084,13,,
9085,11,,
9086,15,,
9087,10,,
9089,12,,
9090,12,,
9091,13,,
9092,10,,
9093,17,,
9094,10,,
9095,13,,
9096,16,,
9097,11,,
9098,13,,
9099,17,,
9100,12,,
9104,14,,
9105,16,,
9106,14,,
9109,11,,
9110,13,,
9112,15,,
9113,10,,
9114,14,,
9115,10,,
9116,10,,
9117,11,,
9118,10,,
9122,10,,
9123,14,,
9124,10,,
9125,13,,
9126,16,,
9127,17,,
9128,17,,
9129,17,,
9130,12,,
9131,12,,
9132,13,,
9134,25,,
9135,11,,
9136,10,,
9137,10,,
9139,19,,
9140,15,,
9141,24,,
9142,10,,
9143,11,,
9144,10,,
9145,11,,
9146,12,,
9147,12,,
9148,9,,
9149,20,,
9150,16,,
9152,12,,
9153,15,,
9154,9,,
9156,11,,
9157,21,,
9158,11,,
9160,8,,
9161,10,,
9162,16,,
9163,16,,
9164,12,,
9165,11,,
9166,8,,
9169,15,,
9172,14,,
9174,11,,
9179,14,,
9184,10,,
9185,12,,
9188,9,,
9189,15,,
9190,15,,
9191,13,,
9192,17,,
9194,9,,
9195,13,,
9196,12,,
9200,12,,
9201,20,,
9202,11,,
9206,10,,
9207,12,,
9210,15,,
9212,17,,
9213,17,,
9215,28,,
9216,12,,
9217,12,,
9218,8,,
9222,12,,
9224,12,,
9226,10,,
9227,10,,
9228,10,,
9229,15,,
9230,14,,
9231,9,,
9232,13,,
9233,10,,
9234,8,,
9235,12,,
9236,14,,
9237,10,,
9239,11,,
9240,11,,
9243,14,,
9244,16,,
9245,12,,
9246,19,,
9247,14,,
9250,11,,
9251,12,,
9252,8,,
9253,11,,
9254,13,,
9255,14,,
9257,16,,
9259,16,,
9260,14,,
9261,9,,
9262,13,,
9263,10,,
9264,11,,
9267,10,,
9268,10,,
9269,17,,
9270,22,,
9272,17,,
9273,12,,
9274,13,,
9275,10,,
9276,14,,
9277,11,,
9278,9,,
9279,10,,
9280,8,,
9281,14,,
9283,14,,
9284,10,,
9285,10,,
9286,11,,
9287,11,,
9288,12,,
9289,10,,
9290,13,,
9292,14,,
9293,19,,
9295,10,,
9296,15,,
9297,13,,
9298,16,,
9299,10,,
9300,12,,
9302,12,,
9303,11,,
9305,16,,
9306,16,,
9307,12,,
9309,16,,
9310,8,,
9311,14,,
9312,14,,
9314,21,,
9315,15,,
9316,10,,
9317,10,,
9319,12,,
